{"v":1,"inputs":13,"outputs":17,"arch":{"hiddens":[16,8],"bias":true,"activation":"TANH"},"weights":[0.43353888810247365,-0.12203816454850179,0.345071750515683,1.5330901286415963,0.3023261385255175,-0.08845521721493636,-0.7147674859715342,-0.46993756908026646,-0.5228036726283759,-0.17765716781500843,-0.20787775194691793,0.805070093578865,0.1771136044789696,0.3168441875635889,-0.5581799658619438,-0.0694678289249047,0.015201264508929882,0.012753405380896202,-0.01606655000597841,0.28747692313752804,0.215115424535982,0.29044456212807873,-0.2709764650961716,-0.14280144080627621,0.34518743960628034,1.2680362342549858,-0.6217120071556106,0.42650374287831944,0.15002761533623435,0.8110029463996434,0.10272777579034975,-0.31481361923639317,0.22809980073423555,-0.7903550936985059,-0.38210625007223453,0.28157692297365555,-0.5331874343943517,-0.2069498279978919,0.6866288061994767,0.4421656204497565,-0.38526299119333834,-0.503491394063433,0.22147374884188123,-0.06359645933498165,-0.0861716553671977,0.024036385314322173,-0.11321459525507656,0.40163710699544175,-0.04887486584041495,-0.8514604153192189,0.20607283338601096,-1.4386063125339301,-0.5741294113936057,1.2551509265600462,0.2558810512289551,-0.3196158900189278,0.5384083835904031,0.2753189501622981,-0.16942624151737343,-0.768000046812964,-1.6079269353249834,-0.3093760303331157,0.49871692910376536,0.04947495708028545,-0.28397094074915025,-0.39759028035418864,0.8572464139823964,-0.22692845381590215,-0.08600718987003558,0.08947976474338634,-0.418639108410937,-0.762805766458872,-0.37687081030744046,0.8151073264118168,0.37542260121265353,0.22230422474639022,1.4598950918151683,0.14052837278580654,2.002518120017161,0.07414600251066586,-0.250123232615214,0.6427532084826777,0.6910428731307623,0.9674851997382554,-1.0500029616349356,1.019852971469197,0.3082256755430024,0.1053247357555777,0.8292669355508866,-0.20013148598940037,0.5427166537059588,-0.11392802694887216,0.2697820814090615,1.0716133513215054,0.4586724065690777,0.46491002614838606,-0.29290808144822805,0.34709998811495596,0.7980910588901011,0.8649748293586959,-0.017248885691726168,0.6701713351580122,0.7476787830480023,-0.8160608968448708,0.8363143495640848,0.10259755031952383,0.2477393430120195,-0.5287407629876671,0.5418626757408515,0.22249397494512382,0.007124279792091508,0.6847037315436652,0.3221739522518685,-0.5284454145455716,0.8776905654773991,0.49215204966850123,-0.44266924196095264,0.37772214381547725,-0.009717418861257904,1.4222688333514357,1.1896920196361123,-0.6365372852532979,-0.4092446624613952,0.06998511144919493,-0.6047501433204937,-0.2851082109500178,-0.5561319213309591,-0.5695408949357127,-0.2855386083830006,0.0539058293446961,0.5376732952203621,0.0587126791843168,-0.2482059568673084,0.11722934219388448,-1.487927719782596,-0.18274069587317307,0.27195215239608583,-0.5270836844857357,-0.3159387334830629,0.025742384595356858,0.13706998108823545,0.09760022766969334,0.08335167087128718,-0.2541978924070127,-0.1418868771140127,0.3472945828426685,0.7771923603838714,-0.3968449701646162,-0.8012545521142773,1.3936635241736022,0.15714801804695502,0.11319778565166706,-0.403122522933058,0.13881744954033612,0.9525950128706672,-0.4072166859445422,0.9301831747497658,-0.31637622407170246,-0.17477785641800225,-0.23711883480182927,-0.18658223320327166,-1.15589829428931,0.20794131243390687,-0.23626781555429902,0.6800754304867391,0.5179614010006567,-0.07392345658052507,-0.25130016562734436,0.6966539659896521,-0.645653532813781,0.7130369062523685,0.12456520201345138,0.011359966519694564,0.8116355783441569,-0.5390265666266406,-0.14890477442276506,0.8799403195260422,-1.1408535602772214,0.7905534291856154,1.1972089711162688,-0.6549403231787291,0.370920134376069,0.6403969701296695,-0.5004610478586954,0.07716523109284432,0.5587586778939077,-0.14087427847527312,0.29357988710527005,0.005730976044733563,-0.05842456849155405,-0.8285068102792671,0.7012053601417971,-0.7935716891967282,0.013510321811811443,0.4473104331475401,0.17408856104456982,-0.6211748616638304,-0.33681879472250237,-0.4756332341270989,0.23600276592703642,-0.44751712723655945,0.5520315988566485,-0.3421027647117158,0.025488429342465143,0.6639736654694266,-0.21051333194651375,-1.0543414987964255,-0.9936141086221099,0.937924978391099,0.027769516161010678,-0.7308512951158496,1.1221091806615393,0.8787579983873608,-0.11299267953244993,1.190548704055192,1.2209398246587477,0.3812198346615716,0.5695837699042046,2.014860880101168,-0.42804743717186367,-0.17903678990443997,0.32921987390665225,-1.213025621620121,0.1457310050608055,1.0725186296620073,-0.14387036916395762,-0.6001221083948675,0.30798930736489294,0.07732356014524105,0.6943354249828272,-0.05476730858671388,-0.25079109154789714,1.5010277959286906,-1.0770395419782182,0.23191228008148523,0.6343296107352079,-0.015687008464583176,0.038211634798222975,0.15499764573202543,0.6411415980205128,0.6636518290103665,1.6784845174642509,0.40253575959959054,-0.06639739544812936,-0.24320841080008115,1.173662331460369,-0.9409929465320847,0.1009636286291699,-0.5203013240489354,0.3244023024580825,-0.6438162810844409,-0.3260117874591561,-1.0634073386043537,-0.3791272387176096,-0.3247677958728919,0.7398233678411226,0.0486743660996934,-0.14964619833906048,0.809364835466878,0.4577515886306414,0.46028607750324896,0.45002684655721437,0.920758263547319,0.4016371994700106,1.3557710707986066,0.4373247334693226,-0.014393426885646682,-0.424061470511944,-1.052385693497153,0.779532764672111,0.49675318894145193,-0.14720037694804444,-0.7713210793067561,0.4390145616884808,-0.21359735199266613,-1.1433124148853018,0.4096997141687452,0.9776608803168577,-0.635545578253276,0.4519932867531323,-0.32694666286943624,0.3933692648349169,0.3654329960720754,-0.5598135378238303,-0.7452231430728163,0.26905510260915366,-0.24389975988721585,-0.060646672469181206,0.39170552126582725,0.3478488912066974,0.668581349186039,0.32659336784297593,-0.56265727690487,-0.10173510321084214,-1.3119771330375614,-0.1862772377833637,-0.08696438673153029,0.7300424200683981,0.2615118897676973,-0.21038589682792985,0.767170799754922,0.4869763683974153,-0.5363509739073458,-0.4351553231940448,0.12882101996671952,0.47102188736593326,-0.21612232252459815,0.01961618928448572,-1.104980409305041,-0.7039984968171323,0.06228579445737862,0.1425987135058038,-0.9693812820177152,-1.1920338136562663,0.45823501964449015,-0.29194575527022226,-0.792441273706397,-1.1247261644495035,0.2853458033566703,-0.39593546686491227,-0.7307762371793446,0.526468160073855,0.3536832379321717,0.18293782157428762,0.40452886459602505,0.3504509568526706,-1.0706231909976434,0.19825477386626708,0.3043502839837449,-0.6188526565565468,-0.404883819606573,0.6463647820039035,0.2091565272955491,-0.27769637738227226,0.8113655818456699,-0.9145357841126044,-0.557610643128736,-0.28913208357447573,0.5914791724996414,-1.0531372244471564,-0.4556506404596907,0.40374453614658423,0.21999547339776354,-0.12105644539471055,-0.010556639485097274,0.7442776954480121,0.44699727582524373,0.7942297003517454,-0.27272767292325584,-0.2145140541773946,-0.19108558654436128,0.05876339622196638,0.23052418225125826,-0.03594851162800759,-0.977228206733615,-1.4053179496671315,0.320061712853597,-0.08731800298662698,-0.0905633821353292,0.6520155175380928,-0.4983440031601798,0.5307260763429174,0.7145484196669121,1.1982244931081898,-0.37948851036843706,0.5852579714567804,-0.32518925384119635,0.39509258048016305,1.6307956029882469,0.12575375073506256,-0.6214664770050473,-0.014123025350435803,0.08581011153980436,0.2720522666061667,0.8400240638570081,0.12959055366327854,-0.03762152602103048,-0.1035861751761879,0.7280202205122955,0.08707910376007025,0.04389332952547107,0.06570186188593322,-0.08361973635786839,-0.0729281529801146,-0.15567441172002872,0.7343214444831693,-0.3621211920895573,0.302755987209651,-0.20114844488555533,-0.1413467770902997,1.0104558400728598,-1.0287693142943362,-0.5235640373540267,-0.3901202991614477,-0.04323444400786095,0.6963505779525366,-0.3133308499216372,0.4767032310399213,