{"v":1,"inputs":13,"outputs":17,"arch":{"hiddens":[16,16],"bias":true,"activation":"TANH"},"weights":[0.09182228828871367,0.6565782051397183,0.3498867760752986,0.6099230614554481,-0.5008183300745235,-0.5359532105471241,0.20386320272052935,-0.6357054431158998,0.06138007589116275,0.5562600068543493,-0.40442568601292134,-0.23399444159702282,-0.1610040810045641,0.9823189493849127,0.5190218280698796,-0.355195777538406,-0.43092817683036133,-1.0782289180318447,-0.15475527905643965,0.31343063433801194,0.08890378654717886,1.4231546259609025,-0.5825786769708531,-0.11401799788124203,0.7027819933308398,-0.9167043885769804,0.37123874169022003,0.42033435924617035,0.7287446771305827,0.7569071242041172,0.46416300444718106,0.8914862261228509,-0.3586500214603084,0.2903501232928059,-0.10914420081366541,-1.7827773664566167,-0.0008452319312273748,0.15135253423583964,1.42339004842262,-0.22369341396819195,0.43299677227788336,0.5282682733528733,0.15798500626196108,0.7911022536671873,0.022279309987799138,0.7145818037913892,0.3842338737749148,-1.446696306940252,-0.04568447788195842,-0.23142635731163982,-0.5128182785387048,-0.37092602238828465,-0.35286667174484726,0.13804290877902928,-0.1538453130778385,0.5682917206004523,0.3536341886429327,-0.09076688370975551,-0.515385270627984,-0.5414286936481688,0.641705122372588,-0.5484628004189048,-0.8866612803299123,0.13855584996767795,-0.6988567749536895,0.46816101206170113,-0.15468990252192602,-0.7872550700786537,-0.9822443859611832,0.9362772419593038,0.43691246744000317,-0.07648050184939538,0.23952970649779262,0.46962819090505636,-0.9992542048059145,1.0672537030177507,-0.0029035122472614305,0.5247933059193264,-0.5329251287634379,0.4401598878904452,0.5011640371652673,0.26613267152827613,0.19053017353252513,0.13769390720132546,1.4113245188290753,0.5820412292512125,-0.3351637132934771,0.7049497075510548,-0.9443938161500872,0.3572182664317568,-0.2199281889216575,0.5011947343793435,-0.3245926307423749,0.59351845077958,0.3242917560155668,-0.7111800711845196,0.40607071686161045,-0.28898043523951655,-0.194233867668493,0.2631960594792621,-0.8036835550810665,0.3408901385406817,-0.5555263598410161,0.002101598707151411,-0.24318517084393151,-0.2333823011923088,-0.5404910619308216,-0.05456800236815876,0.660513773093811,0.10573704673548755,1.0371129791102758,-1.2158608317640884,0.4672543504093746,1.2557322541074345,0.7000798080036458,-1.0623957733396914,0.33322393050892285,0.266607407048093,1.2993844154651049,-0.5420304103928508,-0.20200913264165032,-0.12751413244219195,-0.2539119648408607,1.2953393988318547,1.3087461395860291,-0.6286810046773258,-1.0011385036455889,-0.20789630340118784,-0.6567491693903715,0.6618967175566002,-0.1346942523016142,0.1944027774475333,-0.4295878341844863,-0.844242714987885,-0.3734538052936138,-0.2515667463700214,-0.7880819195259066,0.24069690038409866,0.08410689322148561,0.5586712176737488,0.4196840352852035,0.5749805173274836,-0.12918313820423277,-1.5431831181230007,0.28375214969175844,-0.21110531041374944,-0.061491560377892225,-0.5084858750785748,-0.0835070203946407,-0.34386001509003317,1.0734672075754603,0.206243258204574,0.25281705356842354,0.10786834529677683,0.04550747218081939,-0.24256906079279644,-0.07044299826840895,0.4842646224100453,1.0285217452646107,-0.14496187607459923,0.39455089965104767,-0.6338861890960623,-0.4350900125302128,0.9221263115882619,0.02731028061955365,-0.6291725193865668,-0.7461290702611768,0.47255108886473596,0.1679459043750025,0.07739429652315966,-0.4323885435152545,0.22000683632142007,0.14328326324986523,-1.0962917580292835,0.606660530786863,-0.5293678060688076,-1.0422584359615474,-0.6279071925722092,0.17777313919004234,1.7039272533705503,-0.37144109100058553,0.5804917397108859,0.43378867555536876,-0.41334093871771166,-0.012022510656949419,0.22275561561850996,0.01773446521219335,0.9442183148484502,0.8375319785583127,-0.285900687578541,-1.3349270791390977,0.2760009175473467,0.45048346174845094,-0.12788242864820767,-0.11956161539734239,-0.45902729457338604,0.3377546026495925,-0.655569904074436,0.4201542377049414,-0.2350942206242827,-0.0892508919469597,-0.7282212388242113,-0.9396351376529475,-0.5411785136677729,-0.44647940073934467,0.12124821591591756,-0.02741393720470873,0.07458795558315469,-0.16628874130269844,-0.038729850998263954,1.0717737518072394,1.193447625990081,0.8488681461187751,-0.3722045101822664,-0.3612131147453826,0.27895484931939196,-0.4514112382094506,-0.2135688728261339,-0.8008142058384143,-0.070526294414848,-0.29671236997759215,-0.034904582008085036,0.46142776065949853,0.4843668497987551,-0.1538760425688596,0.5481973721442809,-0.12725181844294176,1.7109443837454024,0.28097764259215346,0.4219588038504261,0.5105734721096776,-1.0158281268613167,0.09762912575795708,0.10279014229216613,0.4331962434045177,-0.052319916691855615,-0.6750176661520007,0.1940414780614908,0.2946049806506066,1.3078206122914715,-0.8131420491108904,-0.9611163004849221,1.2221553512043515,-0.16692156099073274,0.09289952455000225,0.6855206255014622,0.78795924968345,-0.9746570495944588,0.27511753802414307,0.228118450516905,-0.06106279353966214,0.39391201300177475,-0.17093701735743924,-0.6139297436326248,0.7680123783908286,0.37941775366371205,0.4914118922730286,-1.1191364073153451,0.4998151939914193,-0.19649999196651066,-0.7878781550000483,0.3089009721023272,-0.009407556326789272,-0.4822700529878773,-0.4226007950009658,0.5480086563287503,0.2852489252327713,-0.46074149567630174,-0.6533382873885485,-0.7192648288143751,0.027367200008457136,0.7687546355964875,-0.4309696766377404,0.00038223710224381254,0.12198165963669833,-0.7199039024318555,0.10116394456459304,0.49296363161926304,0.44378290069687737,-0.06810178875018101,-0.282901539063002,0.18006509513044586,-0.5263603927400504,0.7997646066254114,0.8428393847090978,1.4638119668828158,0.9079724843742571,0.3712732614625791,-1.1067294025651238,-0.5398191035869859,-0.3791242000296347,0.2809935671030145,0.07375262663394912,-0.5151952979832541,-0.17751442291200187,-0.5990450900890073,0.8658684495957936,0.20972905531599598,0.5969478394095762,0.21989425214039685,0.2348540575594137,-0.6980371778398861,-0.8133761330243546,0.5787518343665627,0.8953488318950936,-0.6212690264976325,0.18876601252627928,0.18584068557390662,-0.48590997641704015,0.3441105197957466,0.8193037931931266,0.05009615921173964,-0.2671778749551432,-0.29539986242090843,0.7605614974839487,-0.192328034975866,-0.833061821464648,0.24306998495162185,-0.7371399944003245,0.008884195038850101,-0.09891973108967737,1.0798086209931161,0.49820584908056187,-0.34415605424721235,0.18150185476192404,0.2965221460855917,0.3259587910231003,0.04463555611179438,-0.8962319376030158,-0.3129273773473133,-0.29779267385396074,-0.06196489979807349,1.1571196805413184,-0.17687638602868824,-0.3447299334786372,0.45590399639261,0.14782746727490584,0.5007289120068509,0.5985292175576751,-0.7882960475853414,0.38237033199727505,-0.5760051034704939,-0.11659548034607203,-0.47429297246285723,-0.7147591093576441,-0.11755311556525953,-0.29149709762701564,-0.6616927806904297,0.4351068134459088,-1.1362836010695645,0.33145020093060584,0.5383387703217218,0.017102081453432144,0.9653779168259475,0.09958661487799733,0.44401625975168774,-0.7845183891859403,0.622149065193708,0.8221153269228871,0.46973302325427635,-0.11531072074935077,-0.26012246856235516,-0.49199451290302054,0.0417913325420365,0.11770761176413905,-0.9933991229945038,0.1147287462289296,-0.08134272322847598,0.3343170657127952,0.4533077489680928,0.7524136977453167,-0.14800854165074492,-0.8137245799451859,0.22752188000896062,-0.7334493888399989,-0.8365861382132063,-0.031184688588839358,-0.42165873676731386,-0.0788225072165974,0.664852143311427,0.9272572530318727,0.03653395046440855,-0.6603368124873579,1.5926489626701001,0.8502707226405724,-0.05902666050347515,0.6063861123643377,-0.12480839209603242,-0.8159925146775747,0.5104791327877024,0.12386349550584116,-0.4195558580302991,0.39753097674635385,-0.6541226119538319,-0.17284395614996848,0.6200833934101143,-0.18245931173675728,