{"v":1,"inputs":13,"outputs":17,"arch":{"hiddens":[24,4],"bias":true,"activation":"TANH"},"weights":[0.18064380605047325,-0.612477469377876,-1.104976310870158,-1.2033516937344788,-0.36457455824993423,0.6869276230058858,-0.16111063597634664,-1.325030370053506,-0.8225050088139315,-1.7152792136942017,0.33917211664247454,0.5171178110050451,0.5442821661182597,0.23036310367207324,0.9496133361376506,0.42844901974528316,0.288839510878289,-0.9625172390347945,1.4584428951877497,-0.5706428065704793,-0.639314975450512,-0.04646088284390232,0.2947861215630734,0.1982333098282204,-0.06356273107757549,-0.46213147362896156,-0.1841705819237416,0.19764069625820663,0.11856423880267797,0.13454999872389137,1.2519807187516279,-0.8514993240095298,0.48012271102248627,-0.25758425288624404,0.06913139424834908,-0.5172896246355118,0.29937591467245767,2.3736964998992307,0.8696761064068199,-0.7313268052249442,-1.1884125318608267,0.31998331418699955,-0.7604997021962416,0.6552505383227215,0.05072293137283943,-0.6614592070505616,0.7544536929179109,-0.19758370305197212,0.34410409416711246,-1.2902414229405086,0.2572412408265151,0.2515226468400586,-0.4115788738960774,-0.6134458294631334,-0.6438751642009477,0.07426034521434269,0.4379387049176263,0.23653000164721333,0.5561340843572478,-0.2543609412486897,0.43016022524806297,0.4064880859780931,0.12658264099635128,-0.6207531110072564,1.1898959453826163,-0.1295871721308383,-0.15021179986885216,0.4402033420315364,1.0418475004753844,0.5029896229826429,0.5445144049901726,-0.08816821238044521,-0.8768527383179526,-0.3093811172375122,-0.5899968630595047,-0.1315291193551737,-0.4902712501311376,-0.5585677283231537,-0.5148785929327545,-0.4000772985379271,0.09779213340140445,-0.21910591822325723,0.6459204286735717,1.464248973683252,0.683709621011017,-0.5285531121450288,1.2727456414672096,-0.35977836511992134,0.7816036950929647,0.35661733011878266,-0.13991415997547843,-0.863429521065874,0.10134080125625174,-1.6008387195397211,-0.1882264405015882,0.6293863882442197,0.3278221664358437,1.0293697786247509,0.3243854439822451,0.4677937386489051,-0.31617113973438316,0.2157559637792336,0.19539462120868278,0.7391427538244456,-0.3071398985084663,-0.15148302185813478,0.5011122417007815,-1.0779216161784275,2.3224107018560085,-0.08274786279706303,0.8822677919615126,-0.19568520959814917,-0.17050113449633142,1.5843792487808586,-0.8787016712450898,-0.1336823901195401,-0.057934035216522156,-0.5434929572916857,-1.026379097089016,-0.6867798386319165,-0.19458011292350752,1.0070605729345599,-0.07656912244656673,-0.7963587523682795,-0.49103726861501,1.1609387214052183,1.5893414633956702,1.3110535583899283,-0.7790027972339912,0.8575291791231938,-0.9879456914646544,-0.18171582118760182,0.7440020129206221,0.00010713838183223192,0.1568142211580111,0.2972568292602812,0.30130118449906523,1.116464599239462,-0.11426399211073023,-0.5383861030196773,0.6381896802736967,-1.3199919390770334,-0.06598645174268963,-0.2520458811430314,1.0034790034998462,-0.019165548661438502,0.8990722318102552,-0.08714704964623134,0.46694848848972936,-0.9151486136191871,-0.10000096911613382,-0.39268186088974033,0.6458980382341258,0.11757463385397385,-0.6231441290909701,0.3556835879528073,0.5953860236323245,0.6625317106305336,-0.3964815479063872,0.34908189854099375,0.6899067872349949,-0.327883699157445,0.9206782911130905,-0.1118828766193408,0.5062315436944643,-0.12950251547318142,1.0118260422734315,0.00024132307760832417,0.800065222416404,0.48554776363816615,-0.18839457930379822,-0.6058927639231346,-0.5228442331273266,0.7441172255366962,0.937186168381646,-0.14464221103122032,-0.145128757171162,1.3048145708294436,-0.2997870244274593,0.6005016141322144,0.5229007931938356,0.5439225491990582,-0.8980990480428853,-1.0061111717155409,-0.06100195091536976,-0.8105555744604613,-0.6020413280447301,0.19150685469472792,0.45156180720679057,1.3320645319084439,-0.8973170701358647,-0.17200476533322673,-0.13300548487316452,-0.2897332356962414,0.07388090013299664,0.1425559000694046,0.23702066774587838,-0.3916374539685448,0.6636578103789427,-0.3918755412171977,0.08270174976718984,0.9183353996119444,0.61465126084656,-0.3120290882414333,0.13465204378032194,1.2885035085225622,-0.3386374810875932,-0.5576464168041613,-0.12204279836362478,0.622389922813751,-0.15472543160506066,0.9107533389084057,0.11101484039387158,-0.016174998679360016,0.18705301764530002,-0.5151650483613844,0.2638378711533484,0.2890626395003075,1.261144763233513,-1.4777366225079365,-0.5096327782865185,-0.3308706809061035,1.1419298922625283,-0.7752389351229232,-1.0614822982984458,-0.9404704639803448,-0.009909103140776492,0.6902653504213448,0.015130986862515378,-0.0075905942332183405,0.31750824180178355,0.4969363715150082,-0.4116397712635179,0.5834160514858915,-1.240911582484815,-0.5105660326780148,-0.6855213599235862,-1.113781340677888,-0.06829475545121366,-0.726124942517465,-1.4456769086785455,0.16489244153278126,-0.7503381410155525,-0.2639423676206817,-1.5709665821979253,-0.664925285328996,-0.17322162329051624,-0.26996680331234657,0.5759480433059992,-0.35950013532031366,1.2682477845454747,-1.406754268329245,-0.2602437779846658,-0.628553529576209,0.06258851723598653,-0.18868955833767986,0.05860749150303621,0.06645060487636963,1.65391139542273,-0.17568112379728432,0.4100724472964465,0.08612479129678842,0.5711104128859222,1.3356343317475945,0.09703808601144823,-1.0539547739935855,-0.1103783525315194,0.07962512303768009,-0.9058562907728623,0.5640516909091894,0.5432729051797348,0.4689878024332625,0.1578169113746722,-0.8300310120030642,-0.22050610672555637,0.37131932190852596,-0.22896052410527892,-0.7789937946579832,0.21915458530710266,0.5459188302824141,0.25782379323141386,-0.6376402607678775,0.6162572485995667,0.3008027020693372,0.054733374352116664,-0.1368314404893983,-0.6121919874838668,0.2654737877767535,0.33708378315796234,1.172911670199746,0.26120658615223974,-1.8052992428704409,0.08436966979825841,0.41377534609881284,0.6827938873536943,0.2793691428490418,0.092711686734323,-0.6929552577244162,0.3657203331637675,-0.31777590672373973,-0.6678339851816093,0.21008408034193013,-0.31819484376661583,-0.09433877435637804,0.8904882648541175,-0.6401251222242527,-0.44406886608526913,0.0962000216545741,-0.2843210449197636,-0.19392536520597664,-0.0470340962667512,-0.49613398002280173,-0.6388849804021173,0.2994346352484568,-0.1556824540746487,0.4764581770198232,0.02685135571659447,-0.5375787176630895,-0.534115488562861,-0.08186359314434119,-0.14181649112555547,-0.7360913011007234,-1.0511924808269593,-1.221935950772447,-0.14901529648791054,-0.001406456992487204,0.6417675144743762,-0.5204013113218073,-0.9235520489579776,-0.3849580565250903,0.1346834639232311,-0.4812651287046925,-0.3851284524036581,1.1940241530959095,-0.10840358375365707,-1.456702519736189,0.3314916438821478,0.10810804147372952,-0.3251098502823848,-0.562708985035219,-0.5122251683028568,-0.0031499646203963505,-0.3170897632341706,0.18715161617079148,-0.1821808581928921,-0.5929602348788564,0.11599913366494975,-0.17427457418666045,0.4342216245658763,-0.33800691980712383,0.9684841715416636,0.2752253095704747,0.10202472192827938,0.6015082855005573,-0.3085883287300546,0.5535342626090459,0.17938107892038285,0.9082334787086893,0.1610104854149611,0.007531713120228156,-0.7909470930681608,-0.22785172770717343,0.23104388837488812,-0.5908321611074557,-0.8763113440223336,0.336977004061229,0.9263148979318352,-0.9896031878812949,0.36495904904083704,1.2168639486722006,-0.11064336111396406,0.06563081797770898,1.2401911051373826,-0.44492335482056056,0.5156147078742322,-0.2561998253821416,0.7435282949707073,-0.41828139005971093,1.6837283817353352,0.0686535810033276,0.8869452855314754,0.41784228539649365,0.31078226601628217,1.2758044173505556,-0.6576145207892079,-1.1957149104287321,-0.6575250899670144,-1.1445250099026185,1.6723724961895843,-0.3675393857215745,0.4508940438905438,-0.1357084626195239,0.07933918971013605,-0.2911951644181487,-0.4994161687546003,0.058125969016954625,1.1681192700809333,0.20166694498559015,0.6816005086840566,