{"v":1,"inputs":13,"outputs":17,"arch":{"hiddens":[32,4],"bias":true,"activation":"TANH"},"weights":[-0.28426393748031936,-0.8377636995514028,0.044858561626003275,0.33737113556520243,0.6966459197409709,0.21100700213030038,0.7059265198678709,-0.2080864598678918,0.02545429871867727,0.838672242631673,-0.47456345678663703,-0.3822691926958133,0.0912061396651864,-0.30796028687717447,0.5936074367608163,0.20405648518896172,0.3000003633848424,-0.37065550003132375,0.2664386030117945,0.15574209058342015,0.08251676174677303,-0.23540138660458415,-0.10995099405418869,-0.6432867879603356,-0.5361914604215745,0.8203430867755486,0.07126073048592634,-0.05679456965472886,1.422003967431882,0.30646610767977267,0.2633289716588428,0.26073058167859275,1.2103220996659436,0.3029272641164038,-1.0404068133309463,-0.5154415073368237,-0.9394500753245383,0.3081462609615393,-0.22545558873420551,-1.0319769394296552,-0.3061952034153335,0.8873304000174708,0.33058983971588835,-0.3641327199751317,1.262235546948396,-0.18224086693746208,0.3098135703195321,0.26138777268215985,0.923201143481115,-0.17098549436128102,-0.16095227870006248,-0.5079096552231601,-0.49041524078297843,0.472961824358022,-0.4856571904203669,-1.2157023073265105,0.2537006375028289,-0.20472168422298703,0.066342811629509,-0.10218806867491965,-0.7577988498563034,-1.204695218826751,-0.018071684234127427,-1.0943013170973366,0.13984725886458338,-0.9354450596612846,0.1286782672285617,-1.203113958279573,0.9190593337542574,-1.409579275317499,-1.294015846736274,1.0184428848693294,0.3642615437642612,-0.2622622052462967,-0.05235628163131964,-0.5566278675453016,0.23417623359971212,0.7621215048076067,0.6744287106160933,1.7775292361196384,-0.4840886091794345,-0.7560802650875529,0.8060958841730307,0.45786537667880606,-1.4409599118123881,0.5990809453658823,0.015943357233760974,0.1147156614957231,-0.7975450213271978,-0.22063599932190814,0.05349341401468091,-0.3109442849661609,1.1474468948031826,-0.288632273287371,0.8857000010712918,-0.3292010615850241,-0.5831287800776822,0.316640258187943,0.745524341248168,-0.7277181349569085,-0.8925103756750155,-0.2775535669273334,0.29606314234887515,0.41967087250675855,0.4508358187131735,0.48923859830802685,0.3393388673486058,0.6262837814807223,-0.2011411249937353,0.5521657372210268,-0.02861507665619681,1.1689411873229048,-0.554127431197117,-0.6791945021545156,-0.22293936200039685,-0.14119890016968728,0.17297905559164692,-0.42925142262683386,-0.037714777567487846,-0.14481369431490193,-0.12363930343168295,0.4000551174820186,-0.13461908731022953,-0.6557856262292756,0.20245650660527492,-0.16649339564692497,0.9372144567891282,0.46368584034449284,-0.07620182845074766,0.12653099618662428,-0.6817503564834705,0.2671303409878076,0.6383313758186884,0.002081505968911254,0.8973558945543538,0.982662795433743,-0.3885507614953703,-0.060562152636737976,-0.4852596688987816,0.3450052251188207,-0.427976146213564,0.22867934268668227,-0.07961793327662166,0.27553536979461335,0.16969431602861657,-0.6758994217433124,0.3844112532316135,0.08258824235415803,0.6003195200286806,1.0221269931188728,-0.9230782268989954,0.22480311703496295,-0.35286807910758305,0.22873006070055973,-1.3676737336557356,0.5649249060134253,0.5862870665028773,-0.5498868540400167,0.7377699040707066,-0.46365425934303117,-0.7654535396055886,0.4177657614622726,1.2459147328840285,0.5582584242614947,-0.2830600104776822,-0.22430263241186713,0.516819536722791,-0.1252366732596443,0.44202218596520937,0.8442919355203864,-0.5059286557215327,0.10612346253695729,1.087116951544393,0.40234208971348734,0.7526916192290038,0.3075516104294425,-0.61126381264743,-0.20430715713819247,-0.34683353839448505,-0.9848766131813944,-0.05893660918559346,-0.5987043921102229,0.20840048694813448,-0.20368109604328383,-0.42621985246473554,1.154120883141746,0.14569915631398075,-0.07200772350237156,0.05959187419747214,0.3835008631085319,-0.27600642963239275,0.9358126961009229,0.06875446621681185,-0.11050578997821764,1.2959070235660957,0.6488854840049999,-0.19990306698709892,-0.5964654047761021,-0.6442451539923378,-0.6163004806141548,0.9158132745050158,-1.1146636662295566,-0.5058719675113396,0.49422841765238423,0.5000196565266524,0.3005441727203012,-1.1114447301963573,1.1329681417912039,1.1293559274528955,-0.016116687352962268,0.14915636712420582,-0.16325678796220955,-0.9129534324652873,1.056074308196175,-0.47913988564741755,0.1911370895871065,0.10073790645534231,-0.2817303418259524,-0.03388599746023688,0.09818826897642303,-0.4647651830978248,0.16189884172081553,0.09305665845166837,-0.13766227259010108,0.7192852883262969,0.28784436542388425,0.28602885646025833,0.017839656374235735,-1.0501403178991144,-0.18532036705946026,0.48305528477156,0.4190273261920904,-0.20361491048265148,-0.35129729948990984,0.11345113162939657,0.10567882271013046,-0.5817783294598886,0.19416177725404912,-0.5265210968962069,0.2892378466059615,0.5682140582456169,-0.5285694496535898,-1.1118161392997266,0.03803715773110584,0.10375203560726631,-0.0897415377242276,0.21532787044167762,0.38932075763771845,0.1544396652705297,-1.0125682805183036,-0.11305699679022796,-0.5167696919507261,-0.5630261941231165,-0.2551452944474725,-0.36698296912944073,-0.058897979965955416,1.0149694040628703,-0.1149328925961137,1.0124244521537886,0.005473313152849879,-0.13536235809183836,0.4912497443399105,1.886937639707131,0.11421486658715896,-0.01507219143836786,1.1948825179131748,0.37604353987124933,-0.19583000256357344,0.5669187855801212,1.205964476920166,0.6188441009639994,-0.5713052687999297,1.2990164715633103,0.3134301630698836,0.18263946722596774,0.40885998980971433,0.7814815107397886,-0.13311603008761433,0.841395270613351,-0.2019742327451758,-0.1334846152305799,1.0051079805013012,-0.05605816519820811,0.8338712244534144,0.42021930785357803,-0.5053956199729964,-0.21757100094989418,0.7136197533391674,-0.6424045893520663,-0.07616297444981308,-0.38469589741641746,-0.20318946031886356,-0.25815484832387225,0.4094235436289409,1.2049513135117758,-1.1080095973361634,-0.6264427322941324,0.474373339154235,0.1522283299140019,-0.21699150612590445,0.2933634130729552,0.408262381192854,0.3874322175990392,-0.2929664868282573,0.31223054692209634,0.5280768509262596,0.455554945920898,-0.07705248175310042,0.9269614963398369,-0.6633030967704729,-0.30282060494193713,-0.37142857682418956,-0.425841562357452,-0.3709888652794867,0.8690548306874613,-0.5514251830326279,0.5031219316147507,0.2873796668101765,0.02571371600259905,-0.04638157270414661,0.43779312060185527,-0.4311427454160081,0.5196993904109799,1.0418784804832055,-0.6455849088729868,0.9139458847577137,-0.6026071144671615,0.509059423024094,0.24280044602225503,0.8529747149900087,-0.6880767578419189,-0.29112352831427774,-0.17677081804564987,-0.09050608317369059,0.12612664271971985,0.11682019621683598,0.334118185264086,0.3693286673129411,0.4705658003212893,-0.4645104707927763,-1.1368755798791623,0.22909129319754234,0.08595792937386504,-0.6484363633055075,0.6294596422060201,0.2639950776397165,0.22249182509622278,-0.4565415322763098,-0.8160828280313184,-0.890053005615194,-0.24896446044722076,-0.35212616749759507,0.25930135432566925,-0.0001952440774561767,1.4485848497170593,0.3656002300503062,-0.52695254448971,0.13003309992219156,-0.18442555021111404,-0.20882107425635943,-0.37365253902763645,0.9226799412572299,-1.1829128268804052,-0.08572446348356944,-1.0640543456225655,-0.11579846706958344,0.19938001267067984,-1.0139752948795973,-0.8465479651285572,-0.4589021925964239,0.09973632081065688,0.632443197679432,-0.9030134612583327,-0.8724947084345759,0.11618695386223239,0.07769090098969866,0.5093913779447203,-1.4654416373147503,-0.049140061655957454,-0.1072079028554046,-0.9494115191243238,-0.23646753812571855,0.5876105393640273,0.11531865468995167,-0.36390403041493885,0.4220784821097273,-0.7998863254215335,-0.4546026961734225,-1.0540545110195967,-0.36466782028285255,0.5300785709516247,-0.462274591652715,-0.4279246158746866,-0.044647200439435264,1.3749120426721706,-0.35979775993448776,-0.09619854088348281,1.1506449749840004,