{"v":1,"inputs":13,"outputs":17,"arch":{"hiddens":[4,32],"bias":true,"activation":"TANH"},"weights":[-0.4689245906283063,-0.4192007804928643,1.0623516542673217,0.8706504759520644,0.12116027954396828,-0.5244166973840505,0.011355503846000344,0.7181118819075506,0.018526040569756236,-0.23879013261156828,0.8497082483849104,0.4491974537545276,0.5886359383009461,0.10889886861503682,-0.07843131392302548,-0.41302191571188385,0.6711484413160921,0.9181688914811548,-0.12587879843324754,-0.6242720517296849,-0.11308236139500631,-1.0539921222884883,0.27101201448330414,0.09116758783421584,-0.03901887388085991,-1.0922947007157913,0.588244739383055,0.1242446878762033,-0.5411923097656816,0.6334646715212653,-0.8293712081376703,-0.8260378117699515,-0.40455533597824767,0.33284097495622705,-0.2977250750649744,-0.2053297045461439,1.9329858134735045,0.6212853730302788,0.07383073943522898,-1.1617268735542363,0.29630330631982726,-0.7314355457585457,0.1263981755415022,-1.0476579906532844,-1.1468150261859793,-1.45267674659722,0.8318018676285467,0.355308313734125,-0.6799318070428518,0.19796261149928757,0.40802420602052136,0.24995895005814717,-0.5521242316560928,-0.34869885929978467,-0.42526232152414706,-0.04153857390020744,-0.289047920810605,0.3472173522550503,-0.21812223760661154,-0.15782322449864672,0.7057301953564424,0.2298222826244082,-0.2048191045354012,-0.10312471394718267,1.3330230613349057,0.29474483084592795,0.7740263792849884,0.4232075711834326,-0.32207485552465653,0.16056558157919326,-0.3885200039538024,0.15320283919541786,-0.29188533418580753,0.17228352715298545,0.2049616847191238,0.06368920900342087,0.9549062913697584,-0.8653688088369677,0.41152736720154537,-0.34227146069832426,-0.6508170859779646,-0.8713832164143361,0.178730159783864,-0.13303421279034086,-0.6104986082966274,-0.09460634182360526,0.0835824112742739,-0.6501910387469779,-0.07556711385218981,0.05785840147925539,0.17752970497145032,-0.28202175389098094,0.2916388261680308,-0.18681510290346623,-0.6773895725724334,0.5333365697775774,0.5476659949300731,1.1918547526788268,0.68949051099335,-0.9178555213029549,-0.9101658416947614,0.6919680073512375,-0.7759967282926574,0.8476712650650332,-0.5560267736356301,0.22521393845985838,0.4341421836251832,1.6656581780083297,-0.07611345821968214,-0.9056947459114001,-0.19028254189139232,0.017749504075430245,0.5893373188869213,-0.11811586311600816,-0.5542104468843493,0.6464515151792769,0.283971271268241,0.20236561120588353,-0.0634511992300066,-0.5964211526409089,-0.02339765508934749,0.6470784553820467,-0.3126717731862753,-0.12003117750836625,-0.03139068836439357,-0.0865667747759695,-0.4463413938801558,0.028818342833936025,-0.07910037889345073,-0.636450311924872,-0.5428180818191661,0.7950609724929437,-0.5212867701355105,-0.9122992427442973,-0.41454689404007605,-0.8736557976563575,0.18397553958127422,0.9004751776625197,0.1680287847213994,-0.7116188148886282,-0.04045393769240718,-0.4479070225994761,-0.07308268951467814,-0.12889432477330826,0.7549476151709763,0.546203921021454,-0.9454559398329406,-0.6394134187936001,0.9604753483464002,-0.46254090236225937,0.6155318617919099,-0.2031256776413788,0.19320018846612433,0.7802280277456772,0.7634745982417139,0.27914419796707673,-0.126725804398358,-0.46055669263243865,0.14189178546137196,-0.7744172423958859,0.38817639164163065,0.1753632346144804,0.837180067183205,0.07331744391376509,0.5188879194836052,-0.06743129704954891,-1.2327937409246938,0.14853667571949625,0.09754289689825082,0.7610561183813903,-0.24944099891394622,-0.0405101291506228,1.1845249401554618,0.5709831830926376,0.424493572326204,0.8560550253193695,0.7702154672493666,0.24565960546806742,0.8548181748469987,-1.1125002980407328,-0.13176116688003914,0.29174850764218235,-0.19072101047955897,-0.2523868549607965,-0.38479870550028583,0.16947591253582792,-0.7768438558883964,1.4429014897836319,-0.6089827059901416,-1.103267089509167,1.5723278243711019,0.25820331790584194,-0.036127115592928846,1.293815630784568,0.7081533266592678,0.8711933768558362,0.36817397851411543,0.5690625783543257,-0.47914926142240977,-0.398582513474021,-0.18124152090652568,-0.5082797077822002,-1.0600136375144076,0.4666189643118254,1.4222295167492265,-0.3989482884451701,-0.35713235907001945,0.6426597684566191,0.808943480489492,0.3575204764932863,1.2678266923383779,-0.8070443316025714,-0.059523811449208326,-0.9605538769824806,-0.7355897042218222,-0.19337640223833902,0.43322627129986074,-0.004118345666930555,-0.8540523911028968,1.220374162376126,-0.7149577331151761,-0.8083227458383759,-0.12049450146997537,0.14250749280779407,-0.5618492518746037,1.1579322695067622,0.00869196155010561,-0.10650288373759276,0.8730242966971276,-0.4899632533507103,0.6617646577883012,-0.24349507019662173,0.14868122471785983,0.9696739632750375,-1.0924131663601304,-0.15097385709211675,-0.6364276688951929,-0.9646793792529748,-0.9080838904265605,-0.47339964351667596,-0.5479606277296482,1.3983072983793088,-0.485734924805864,0.8960375381248856,-0.7990350888063293,0.8616231043062266,-0.7065811136446873,-0.5271989234175833,-0.040560307740331765,-0.3041930142843623,-0.1112948707603367,-0.42844271566514985,-0.37810571359921097,-0.2537653727158757,0.7249183895397677,0.003993021303848841,0.7498234086052612,-0.66700901652407,0.608932059174432,0.2071909947816746,-0.8578431826609152,0.2273642698148876,0.34639615260308665,-1.2667760119563602,0.012854431639540623,0.36247201882492136,0.5240028548481266,-0.7996428777669864,-0.12096699583747766,-0.8738468837160446,-0.3388821030410323,1.7833817401928542,0.5984014465729796,0.8936550281465813,0.24347991756661327,-0.20774090658774536,-0.2820060509456172,0.25800957127443047,-0.35934896077503314,-1.0652934009281294,-1.1012043566055787,0.4287362704927716,0.4250550923122915,-0.9212511482821533,-0.529684448742287,-0.49335264416324376,0.8046038475817918,0.4609131832979103,-0.7805086114985218,-0.09445139108619285,-0.21191252963883594,-0.40640557969766283,-0.4026896638250955,-0.9139139604497392,-0.10349791618615997,0.4935837097895602,-0.18675308707048346,-1.2743607402467358,-1.2917653018599944,-0.36175987942716936,-0.20436182586134477,-1.4067859318821783,0.5676984688757226,0.5937444901486457,-1.45419442528421,-0.05053937305029432,0.30629176953551557,0.8844667353354535,-0.05854295669037601,-0.6067809270116965,-0.422298110868528,0.6487890557034425,0.29438501305662457,-1.128800309852136,-0.11362993492091834,-0.10758998213956462,0.41368763554368737,0.44982107154018985,0.3665875090947549,0.13512140014452648,0.4327293581782544,0.9512465822717514,-0.2675081676315325,0.2682916858194735,0.4537649916873828,-0.32561944720762537,-0.1579139966382582,1.0040694197775157,-0.5236208920242288,-0.055249821173977864,-0.19987453070093925,0.2137617306395111,-0.10143766892750679,-0.42280066749367773,0.24384920013919612,0.25102203972993076,0.6919808348039209,-1.3171745110017739,0.4748731757891775,0.8129440100747023,0.45388524198121716,-0.9449455798904973,-0.48486928607875446,0.10430363680182898,0.3605610242737932,-0.34128848795967637,-0.7478748416552103,-0.566803221655007,0.5786359407691078,-0.2183618412799197,-0.9896832394244474,-0.7742883261190773,-1.276042592979713,-0.20888440131802458,-0.14601224103333424,0.2821627019130877,-0.14564739424661854,0.7679307271284814,-0.5512783901838401,0.3758557462143499,0.03027913700137294,0.8367492390370261,-0.34999946385026776,-0.1431460187886407,0.29566958262064014,-0.40310136437639876,-0.7513000440433323,-0.6759579990926728,-0.7921973420525957,-0.5176794714749366,0.07233157898085309,0.956539088829832,0.7198629124558342,-1.7877913377430525,0.08289322558181084,-0.42792145908271767,0.9700542126703435,-1.550745716953744,0.3190145206206955,-0.9895254124667795,1.0626086016335887,0.712198904967279,0.18791113768372178,0.6796322772264649,1.0107860040108052,0.05600343606288877,1.258332877455886,-0.8339004109367323,0.676999179955867,-0.7975244011809495,0.12649371139300028,0.06424348015252321,-0.4762160585819335,0.537989860837245,-0.4183448262366712,-0.10156486523740187,-1.2037604172620457,-1.3889666347078053,