{"v":1,"inputs":13,"outputs":17,"arch":{"hiddens":[4,16],"bias":true,"activation":"TANH"},"weights":[-0.7091640112608012,0.5140970387634782,0.5058275456967637,-0.42213007815257686,1.1292675651199897,0.564117442637412,0.9522128094624353,-1.0348791233005947,0.5603320676905776,-0.4634759422163236,0.23216932704926885,1.1803790690576093,0.20569883307313688,-0.1258936307568175,-1.2045238682518284,0.3713940609708929,-0.5455679114246565,-0.21860226615289552,-0.9996195383242528,-0.14885421842353191,0.06802367816319266,-0.800711139015648,-0.5975074236687099,-0.955940562689317,-0.3157257895391708,0.8619595552886696,-0.9069873901809975,0.06898037887048758,0.48333860187837885,-0.1441523330240844,-0.6679811478433296,0.14013781090985067,-0.04690785354788923,-0.11071556744549398,-0.35863303007786324,0.028301321246334412,-0.2220917439361874,0.3752817904142903,0.42995430756933556,-0.2949928518255317,-0.4264031064505368,-0.5431709447510422,1.2916304570999655,0.18699532164306187,-0.10581431940402827,0.07661854538255279,-0.2641660182935571,-1.110041895423074,-1.1681203356909409,0.5892575601824303,-1.262719824236167,0.3315225715387793,-0.4648257950147544,-0.3224018263987849,-0.4167773156828858,0.8980785637870994,-0.39987922840460116,0.2461181121695168,0.6093985227006121,-0.7332787090443195,-0.3168176928947091,0.7872816188096228,0.7594783124081095,0.25694500044606544,-0.40868792934943,-0.25103078692426456,-0.6978893693015111,-0.05365226013015175,1.046776217057638,0.4201920403687764,0.6142625726308063,0.36467010989827653,0.31669270961482465,0.08885833591023803,0.08081456055121403,0.2912621011863473,0.2746641898709976,0.41171136835937716,0.30174364882192967,0.9442740887802091,-0.349766576512221,0.21697466142791738,-0.14131680299638053,-0.21393104188249149,-0.09152442595017977,0.6614516031770751,1.1199590172771923,0.017403441231747807,-0.9066325462165543,0.13333753581660232,0.05550346079942138,0.07892240899353535,0.03691951727411272,-0.017847710862676336,-0.3832220975291197,-1.6276080568347213,0.00977143178883288,0.14205470066400697,-0.10842541515714715,-0.17664569479497677,0.46001185331479677,1.4122089980156152,0.6563826800568582,-0.45267699238052456,0.4138996508266939,-0.4637320335770834,0.09019262999678639,0.39034363581325826,0.2173097574683658,0.21573987586763485,0.605749813453869,0.7487857605518929,-0.625838237983786,0.9269037463604838,-0.6188242995117199,0.8528956493730339,0.7595971856651299,-0.3233281739828442,0.36855435881327087,-0.8192491160678541,0.5026263843627299,-0.5519279517786402,-0.4369085180102053,-0.3076525588713242,-0.9204109795689127,0.166848858105755,-0.6257504103454752,0.1174732716694295,-0.20689389696753369,0.022659662485721717,0.29487621508371226,0.6223785024434255,1.0765702298394726,0.9486749353649708,-0.33605048843470275,0.3010207854842343,-0.21267675043411705,0.12682792356582342,-0.4613927795377074,-0.3235832018137147,0.4702694728276605,0.45962496213994386,-0.7495383969187117,0.023692881896476548,-1.202505964142255,0.4012951539312971,-0.7439842908062314,0.8285883178290536,-0.16926996613248887,0.06907385571408965,-1.4512818138420942,0.7311532958475341,-0.8127946096011889,-0.4979877051537805,-0.6030970511941982,0.40819794979102336,-0.24916176804040122,0.09476361410124715,0.5617971449731081,-0.7475740596091075,0.48207487614404043,0.4082392122183838,0.20002364922429935,-0.463071970787329,-1.448088042626743,0.19589300423809147,0.6123452675172395,0.2264856536164654,0.08630505669309736,-0.5299980187258617,0.5899909610909465,-0.04086012708372574,-0.38581143032751647,0.5921160524912329,-0.25973506052989065,-0.22088164145174066,0.8709514279472521,-0.7665313181884268,-1.1682444950003177,0.49212894053135314,0.23991781668387746,-0.23840483985757852,0.7907153647323325,0.38050320054698034,0.5548336884661227,-0.17149500949949326,-0.11174892415075491,-0.7245182857770959,-0.5119615579183368,-0.4624732515906754,-0.450479823854802,0.22397477323485745,0.5275195844244833,-1.3832726553408303,0.9588220297423209,-0.47939335187888166,-0.14774548197079423,-0.4313187249825321,-0.22491878218544784,-0.4942354171138157,0.060372092026650497,-0.31074740485765967,-1.4353719952293555,-1.2279584225529798,0.5649004545300427,-0.25212891788919156,-0.637478808635784,0.9995831980495822,-0.21181117170705369,0.9278449793522663,-0.30249711777162513,-1.851905102982934,0.5188239499093649,0.09239948696897769,-0.03142209883351176,-0.0022576504423547036,-0.430277318358822,-0.24238669909428714,0.25884712312839386,-0.28885295873270433,1.05782953275106,0.8095265895844016,-0.8789321889700211,0.487985759766015,0.6979431881515987,1.0032352965563762,0.5632246942056476,-0.1679604178417528,-0.3268386693141828,0.33203597499366205,0.4250647083388827,-0.21427768839514508,-0.33695091250578807,-0.13643354798877189,0.2436906410359435,1.4815646428083502,-0.25966717171139686,-0.2923088283567605,0.33020153349166703,-0.7293961700274679,-1.0874730099880467,-0.9928664984977174,-0.36299084695665235,0.5374460950731842,0.6433528607845734,-1.517499715398666,0.0676176875452219,0.5723172562845392,0.7358639917726597,1.2862929781217518,1.3755444397830803,-0.2795123335702659,0.911508196581035,0.2303604816843018,-0.12485826880742767,-0.6826358837594751,-0.20968794292551748,0.011109744072614496,0.6064545585080902,0.08097032462117991,-0.5868729838212605,0.3967866891146514,-0.2887254563502358,-0.014696127783715568,0.5137683624038754,-0.8641718550762187,-0.9425671560133694,-0.2428681038456357,-0.47702331652159446,1.0507509754222641,0.05737882258669832,-0.36751167774074206,-1.1873926359567721,0.4794108649384854,-0.5008588599408257,-0.38858736131146815,0.7545183117808194,-0.2839644353158899,0.5280783572192816,0.7998806239696414,0.6487642788656446,1.0442134154090068,0.4849757567300395,1.430500774100013,0.3628988034440533,0.1046563106802377,0.14944226153387735,0.7821771520122235,1.3148894451491362,-0.5238139288805451,0.5091561185549367,0.08509771774686198,0.0678874190081268,0.23223815369449813,0.3069907434030877,0.22760795020464358,0.5812925634493491,-0.18910325867022054,-0.3949773817016989,-0.04650782469699252,-0.17442481576191263,-0.37745108017024925,-0.10460346726052219,-1.4005254931718683,-1.6765646610866236,0.7010851254277983,0.19709348774248078,-0.9807712926318455,-0.9652116328099978,0.11886722271996977,-0.7838783866094027,0.4547661106835772,1.1181479124306661,0.26635600306837465,1.3250956848128215,0.2260872170017708,-0.16635157827752084,0.005632135749331621,-0.8804506029221448,-0.5250580472674667,-1.0487672125232206,-0.791964307198938,-0.4837007196116022,0.5802492627853727,-0.03627161264401896,0.2179969788540899,0.11269186714881188,-0.9280939904104328,-0.4283259461665588,0.41624831550322994,1.5172768037695181,0.41294546396937765,-0.5438563181156276,0.7147817844345659,0.8150115462644469,-0.30445655488157214,0.22962547594804383,-0.2902754871376471,0.3906733662860087,-0.12738075149974443,1.4957841263832343,0.28751691245310573,-0.7147612054835303,0.2585822296888421,-0.36489963730302544,0.3025512530719667,0.03618437370928428,-0.3914267508235989,0.5526793253746697,0.8678959350210149,-0.5221977253503103,-0.21398679583628272,-0.5805545626697403,0.2594820392907558,-0.189213306166825,-0.33127272330593305,-0.5449217588877153,-0.328630449974945,0.5749292857351308,1.0426637070682492,0.726949778499211,-0.3090852781213032,0.9000832378461926,-0.9072438410950678,-0.703848580973956,-0.40976982661206335,0.40779376181139826,-0.23350169409917332,-0.7051501801045222,0.3136082846601189,-0.5128998458934487,-0.6749366030296049,-0.017097448246154084,0.09621450870741274,0.2657986447224396,-0.478589502022082,-0.2049027774180665,1.6852050143808306,0.4683565743473057,-0.07297103596006996,1.0745748378851605,-0.5456509959675205,-0.10985986185422009,0.02034549791996401,0.8088364141300384,0.5521244323347467,-0.6042400818170923,0.19511626056498566,-0.06989726234640464,-0.46584032133359715,0.0515367581443081,-0.40737377363901517,-0.9515557210497376,0.8669337685241355,0.21509155729984614,-1.0778593685305549,-0.024792791994710826,0.21584165492053028,