{"v":1,"inputs":13,"outputs":17,"arch":{"hiddens":[4,32],"bias":true,"activation":"TANH"},"weights":[0.891658639981599,0.6605917009202656,0.7422523223502981,0.055086582792578886,-0.29893254338433684,-1.2127628648307798,-1.4151712796730547,0.4318913008747523,-0.7285239062038609,0.5358871745272994,0.29350115627587936,-0.53163401860561,-0.7532023997661244,0.4305047143679121,-0.09540607976891002,0.2498134130313933,-0.8387952412704415,-0.5343076523347182,-0.07746196050979275,-0.7078742818102768,-0.8543719477524871,0.5356623169393424,-0.20370178131330077,0.00018242663510922857,-0.5988843003273618,-0.25008426528408695,-0.8666103116609689,-0.5810806262448617,-0.2328055436921015,-0.17117559820226325,-0.4358456426629554,-0.06329604156634239,0.01094428382064291,0.0832248285961309,-0.6235496327457501,0.7415633548350415,-0.7362608722461907,0.07693295371005876,-0.16553905629142082,-1.5234569557556037,0.042881804574735886,1.4936322282333898,-0.19947365458900262,1.6258265793102082,0.41237618465695897,0.2585058921117153,0.44300366117670303,0.7667714273479536,0.5551796492529325,-1.1364220388832988,-0.673819429984024,0.7066758445420858,0.0710588953342467,0.2022731939696293,-0.24035872923100657,-0.5963179293112467,-0.18679089095079238,-1.381843636019635,-1.1315875177806771,-0.2985446800017394,-0.856989027697282,0.14445249774766175,0.8506595938018539,1.263585312031004,1.4082937645734543,0.2323510144816922,-0.07621814243095618,-0.2969850068898738,0.5428408713133599,0.23639218098506562,0.052473364110748676,-0.2734906670046617,0.9971587471809503,-0.3797838733598876,-1.8660210346388306,-1.8121019402642349,0.6025351187801823,-0.819898523474677,0.049991256357770165,0.4723664074964007,0.29565810463477005,0.6565782051397183,0.16697927664371418,0.6099230614554481,-0.5008183300745235,-0.7444765905772502,0.20386320272052935,-1.1027775999289975,-0.48332806864134176,0.36898936568510593,-0.40442568601292134,-0.4082770592348968,-0.1610040810045641,0.9823189493849127,0.5190218280698796,-0.5402531891621899,0.11381288743639961,-1.0782289180318447,0.029401177886381635,0.31343063433801194,0.2302765682876608,1.4231546259609025,-0.227458118722136,-0.07687295880626277,0.4997689737001826,-1.0116113717804718,0.37123874169022003,0.42033435924617035,1.2874405519005572,0.7569071242041172,0.07445256322311461,0.8914862261228509,-0.16077953004533746,0.2903501232928059,0.19797310992557107,-1.7827773664566167,-0.32238293936104323,-0.5597446532435059,1.1656377833274223,-0.22369341396819195,0.43299677227788336,0.6505578798385954,-0.7447141153123433,0.7911022536671873,0.01460907080281431,0.7145818037913892,0.7533046460841131,-1.5181057147599317,-0.04568447788195842,-0.08185955955537005,-0.5128182785387048,-0.37092602238828465,-0.35286667174484726,-0.25975679085527614,0.4900326623525066,0.9715067511881599,0.7469455022943752,-0.09076688370975551,-0.06130618696362311,-0.7328595341254163,0.641705122372588,-0.2535172475569686,-0.9824078554210962,0.13855584996767795,-0.8399483386386428,0.6565297275365003,-0.15468990252192602,-0.6380654339317536,-0.9451865476894759,0.832337564731828,0.5268307760210545,-0.20129482600839707,-0.02187366397150444,-0.4166892763942185,-0.6513700319855743,1.0672537030177507,0.3156122907680825,0.3278293839985303,-0.5329251287634379,0.06167949711946402,0.4191917713344235,0.26613267152827613,0.19053017353252513,0.13769390720132546,1.6015569408470096,0.5820412292512125,-0.252850142481955,0.6772199422557571,-0.9443938161500872,0.3572182664317568,-0.2199281889216575,0.23298991852909035,-0.7486158162880945,0.59351845077958,0.3242917560155668,-0.2727727691578105,0.40607071686161045,-0.4022387059546822,-0.194233867668493,0.2631960594792621,-0.8023802946562525,0.3408901385406817,-0.2112987191975002,0.002101598707151411,-0.127926262298751,0.04192423601146833,-0.7669421501771988,-0.29730928984436295,1.0230630006924644,0.7373852341453015,0.6664939989576051,-0.6307614973455761,0.8627924127323257,1.7706059474592368,1.1021663213452435,-1.0623957733396914,0.33322393050892285,-0.04321393049380782,1.2993844154651049,-0.5420304103928508,-0.20200913264165032,-0.12751413244219195,-0.6581721704045322,1.2953393988318547,0.8787677873202762,-0.5443290829717313,-1.4365476184474404,-0.20789630340118784,-0.6567491693903715,0.44174335301312573,-0.05592935176598998,0.31446527750373066,0.2719080039677859,-0.844242714987885,-0.27321471986908125,-0.2515667463700214,-0.7880819195259066,0.223518125342912,0.07106715187931507,0.5586712176737488,0.5196179890645619,0.37129173128130233,-0.12918313820423277,-1.0236161485098643,0.28375214969175844,-0.17838753834271473,-0.061491560377892225,-0.5084858750785748,-0.0835070203946407,-0.42712943029762,1.1901871487909315,0.21884953013521571,0.5028915942406217,0.10786834529677683,0.25385279924680537,-0.24256906079279644,-0.07044299826840895,0.4842646224100453,1.0198090675821219,0.03915857730937006,0.39455089965104767,-0.17060216161463748,-1.0603917633989346,0.9221263115882619,0.5024181476193326,-0.6291725193865668,-0.8576315237197688,0.8341253116561758,0.2490251181745526,0.07739429652315966,-0.42804598515296843,0.22000683632142007,0.4893258982578538,-1.0962917580292835,0.606660530786863,-0.5172935343965004,-1.0422584359615474,-1.08717670295393,-0.00854650839896376,1.7039272533705503,-0.37144109100058553,0.5804917397108859,0.09306670255853466,0.08448609555060532,-0.15437699267840738,0.22275561561850996,0.3780827295436501,1.147432159890026,1.0932409298824912,-0.22943431309247375,-1.611858989981763,0.2760009175473467,0.45048346174845094,-0.12788242864820767,-0.11956161539734239,-0.45902729457338604,0.3377546026495925,-0.13977817421855207,0.4201542377049414,-0.2399104003678858,0.11675569765523114,-0.24020039102015434,-0.8379360026800575,-0.4403641610706521,-0.44647940073934467,0.12124821591591756,0.059429012046771944,-0.13859858747095322,-0.16628874130269844,-0.038729850998263954,-0.058248770291764285,1.193447625990081,0.8488681461187751,-0.5255168425812815,-0.6345448004548815,0.6651458176767755,-0.4514112382094506,0.15391526251460275,-0.960913670768167,-0.02562106267674908,0.33349852715535505,-0.034904582008085036,0.8802908921823493,0.4843668497987551,-0.3941944439083606,0.5481973721442809,-0.12725181844294176,1.212640400689332,0.28097764259215346,0.4219588038504261,0.5105734721096776,-1.0158281268613167,0.09762912575795708,0.31074538719068345,0.4331962434045177,0.07321405340582715,-0.9288726567476748,0.1940414780614908,0.381399276754441,1.396621624175997,-0.8131420491108904,-0.9611163004849221,1.6091347141488856,-0.16692156099073274,-0.617369263898098,0.6855206255014622,0.546367468512877,-0.9746570495944588,0.15199570743864385,0.228118450516905,-0.27496639364192926,0.39391201300177475,-0.17093701735743924,-0.5742917159153405,0.5695457716828947,0.00731072878077508,0.6518394327083046,-1.0997976017298774,0.048852236319968434,0.10339686199019374,-0.7878781550000483,0.3089009721023272,-0.009407556326789272,-0.4822700529878773,-0.4226007950009658,0.9099917376939222,0.2852489252327713,-0.07035201444807404,-0.6533382873885485,-1.2266368502590392,-0.38472186775240735,0.7687546355964875,-0.059286573110707064,0.00038223710224381254,0.16629656086898736,-0.7199039024318555,0.4849193383934508,0.49296363161926304,0.9583667366318422,-0.2513788108413094,-0.3219654014740831,0.513619129944631,-0.5263603927400504,0.6282251368275859,0.8378217142732151,1.3363864945552286,0.9079724843742571,-0.018780053375832714,-1.1067294025651238,-0.5398191035869859,-0.2703486911184283,0.2809935671030145,0.07375262663394912,-0.10532309833873765,-0.49396487991705845,-0.31555588284457586,0.3291664977474791,0.20972905531599598,0.39734276502129307,-0.2615280537072876,0.2348540575594137,-1.209682808313406,-0.8133761330243546,0.5164708131339508,0.6965832456706801,-0.41712439637713905,0.18876601252627928,-0.4169436057176338,-0.5809888847126198,0.022535212257619407,1.239576066970642,-0.39187938298037184,-0.2671778749551432,0.032354198044048814,1.11700117949304,-0.09116733406277529,-0.833061821464648,-0.14206723536499377,