{"v":1,"inputs":13,"outputs":17,"arch":{"hiddens":[4,16],"bias":true,"activation":"TANH"},"weights":[-0.020051137713460888,-0.15410624366241668,-0.11971296270640454,-0.16274569741633912,-0.7459437770151713,0.3431767091130744,-0.6463098358324363,-0.5792156188029842,-0.19310744455612178,-0.6669640012659255,0.34803569518882055,-0.17779264168698752,-0.1817181442432773,-0.8345713060853213,0.8999012051746146,0.45989365489395523,-0.6202479127305188,-0.14320152784160012,-0.17693463670542187,0.6763385193053321,-1.007189437023008,-0.3829152543260176,-0.25464607538918294,0.7524511399909489,-0.4099418595013318,0.5408228968531578,0.5264114892839813,0.45783617077517963,0.6809665611707134,-0.4553253103302183,-1.2870456611464738,-0.8101351134633719,-0.16669342139741206,-0.6219548603844127,0.38757295910714734,1.5517684469522621,0.7787043966311773,-0.04429384715515151,-0.5129402702259174,0.3934990304725241,0.41271132342994304,0.9164806299426251,0.494286730701798,-0.13260883554516792,1.6431326895945666,-0.07916077205188048,0.29547632036953664,-0.3460464215588509,0.16585995304268364,-0.32823773928321,0.5428538201234792,-0.4615505288395621,0.8626313570246755,0.0005604759741684198,-0.385353472389015,1.770403601648984,0.08751845968407561,-0.3819376626473118,-0.37874723100758556,0.3797264870669883,-0.09421954675730342,-0.7180543073251,0.46563814853684105,0.9056338984560008,0.8017012986990448,-0.017476940736623574,0.4339295505991535,-0.7009265491531028,0.630387998247437,-0.4203769759529127,-0.24138028076216994,-0.30332790964734613,1.3329446368060016,-0.5767612229734437,0.18243604138253244,0.9304415123094688,0.1530296160194472,0.08398917405136862,0.43007790530453066,0.1356103780401806,-0.19102197446546235,0.23599581767824562,0.34525354336962283,0.42696968073643765,0.1830122567789212,-0.1715202009294901,0.4624845472651796,-0.2482784361605919,0.486971893046187,0.3322577141096171,0.8893682724541581,-0.8545503787058716,0.09723422806961497,-1.1513900789972795,-0.9242795443553293,-0.7559712679754758,-0.34250320447370236,0.1816516498690043,0.08932150978467386,0.03127799582375266,-0.6387774843115139,1.2900772986358475,0.2992391490419388,-0.05090238557321675,0.06597695434380095,0.4666959636167315,0.5105067786285398,-1.3093860943877078,-0.9284186754152569,-0.5475378448822459,-0.3215545509199472,-0.13240037351621575,1.1667500416350383,0.30825959722229,0.6434780949196893,0.7252605467314547,0.9453257258180042,0.5350174403120509,0.5502599659380663,-0.34452610108536885,0.07352505889491939,0.06377328349559722,1.013881555560603,0.7424688398475908,-0.08420678893362665,0.26543835034505114,0.15933123857807918,0.36390292141883845,1.2514142251199944,0.5538774745760564,-0.29553530999366606,-0.3316365043393466,-1.2851458352086045,0.32281906141767397,0.1640263861507112,-0.889621693803019,-0.24211637391894705,0.006184637008835147,0.4375822942210382,-0.4096179105485458,-0.3381029976211543,-0.27682937158041104,-0.2937863729710709,-0.21592105587286523,-1.38427475067131,-0.6814588482098861,1.7060022547653717,0.02541614144434415,0.38797526400979787,-0.4205784860756803,-0.12212934938034851,-0.6182759177430459,0.7842623880938581,0.7565861634049595,0.9917038645017681,1.1172025836351005,0.5733207908389928,-0.4995675600197314,1.4655556561149778,-0.0634814409684997,-0.8251937642582627,-0.08129725553747133,-0.02508924499009961,0.8948702939400094,0.6445521251567845,0.2741313242255602,-0.743591368282873,0.5216523995086494,-0.3263248576486855,-0.36848471220528584,0.2041761455122821,-0.48775291618570243,-0.24546239157096839,-0.5390801049406907,-0.8131256143290335,0.3363217655775615,-0.4675800437334814,0.22583679799413417,-0.7493080011815932,0.415958242569774,1.0518545150483989,-0.11524185307183334,0.3521126274258381,1.0782104203616567,-0.16526386404684223,0.44203399889789163,0.8426876945457611,0.7043352687430436,0.3173600481786022,0.05820735275615807,-0.3531651308682795,-0.40158125664815086,0.11639043663512871,-0.10032145654081182,0.24524974150538867,0.5403152409344828,-0.6320225992406575,0.1898980425764504,-0.05848576191652689,-0.020302653208751242,-0.48860127122692465,-0.3954947814481068,-0.1785964641304356,-0.9643782087044732,-0.6296038985657765,0.21207854411983476,1.080013270449359,1.5017195157817789,0.19155177451928224,0.1046958414145091,-0.020014276213158096,0.11004376441525389,0.4677815210097386,0.35684800641596953,1.1795170211322266,-0.7747494566801987,-0.11866540545280778,-1.002010803083985,0.5225405842013501,-0.7390605808296286,0.6625926514805399,-0.3111222967176665,-0.11462642108576998,0.08956353317980724,0.2715256747930155,-0.7923533802216652,-0.7204622536093581,0.04947802745893384,-0.3594890561166966,-0.3570330398176589,0.2783351415012977,1.3971920959197894,0.6101397708161315,0.6528059235793506,-0.33943610290002996,0.6542922068153662,-0.24796007729550426,-0.939438262057601,0.3225211643028294,0.4591674982281293,-0.7350742686144692,0.026099029976373124,-0.8254241479041734,0.6463855511234571,0.30953110510233633,0.05783745965005743,-0.008140215859294798,0.47865967238749135,-1.048116582235858,-0.14016549426556976,-0.17548303814368835,-0.03492613533851017,-0.010418611464887201,0.785331581780387,-0.730861845044549,-0.20305985388414863,0.7340655056124328,-0.9305875658290754,-0.5044421242554848,-0.33929630827035756,-0.0008830044988749017,0.5860100796089485,0.023835295830180844,-0.06550445930269792,-0.25589078903616796,-1.3385394967395203,0.27769996199427993,0.8641754187115772,0.23127952393746737,0.04787294745789155,-0.9367167831149603,-0.1816749270410511,0.003102006017513397,0.29352126814166507,-0.021378406051224024,0.43381752548187075,-0.11693786091660793,-0.029537383742354702,0.5734386914049981,0.21936100450330556,0.04493696903092746,1.1110525775986553,0.0777491679449137,-0.6095687749486781,-1.398245076823234,0.25483823484625273,0.59117899049138,-0.10826526825484481,0.7420778439520428,-0.30665788941722205,0.07152638127168086,0.7944031687715781,-0.07934262438462576,0.06890910228553149,-1.330798689821487,-0.20339020834112,-0.4780450864872335,0.1277935960628093,-0.03428063821215116,1.7419618210118377,0.12698306064062231,0.8609584007498142,-1.0215731815848152,0.5180633845879538,0.12176261347893355,-1.0559090061238925,0.869868602567281,-0.9798223418643859,-0.5377327995509368,0.17873162753103866,0.04928863973957142,0.16117472264152208,-0.2811097438204123,-0.499336651821349,0.15986599916505193,0.06897831414382884,0.14988636237309613,0.36514664220832155,0.4162202045279693,-1.390936722072154,0.1850250089263536,-0.7904903400089385,0.6228802926394698,-0.4137967723680088,0.5933474785203043,-0.9072437784738182,0.0356887527948245,1.180678908323714,0.9146306591600197,-0.17630714697100497,0.5424911658941145,-0.2320333365921476,0.2747796041037849,0.05166158090132093,0.08009939730800118,0.43716403923101005,-0.21636540164747603,1.6817459526952536,0.6765363083213811,0.11891323064242441,0.3320437829646546,0.3238120064356577,-1.2580073719139186,0.9190459433396888,0.551042182525802,-0.9066508369655502,0.22349811051883517,-0.4245085092269158,-0.7115776715580376,0.9013761540850462,-0.15264243855873372,-0.895968764206298,0.033579844381077584,0.5731444170734367,-0.10664786302287284,-1.0519449630489168,0.4144326389200983,0.07984417869443607,0.1836279818776581,-1.4601826788469874,0.4971784170323539,0.1317040142263325,-0.023000527708786644,0.5344950808056198,-0.40967997311224746,1.1139671808516538,-0.2087789941659638,0.327148034992605,-0.1535000437993124,-0.7359024087672313,-0.14890154699924252,-1.1512164032645542,0.23168267397049322,1.1004658114641468,0.04061676502372735,-0.17712977481879683,-0.91952705962777,1.8348204453667023,0.5284598533564177,-0.9432857946014293,0.25185154864909226,-0.47593275010168645,-0.11295145233955764,-0.5131532971261206,0.8198347867265293,-0.8305054644271758,-0.07833175358225017,-0.47550468557562164,0.7368402270106097,-0.14104095794948177,0.21998739514119067,0.39220018427793496,0.3105846949035666,0.5403772663476476,-1.0897708379469289,-0.5755243691955241,-0.43135731246688147,-0.009465789630804966,