{"v":1,"inputs":13,"outputs":17,"arch":{"hiddens":[4,24],"bias":true,"activation":"TANH"},"weights":[0.4190548508942881,-0.7281192906594763,0.7013124081481888,-0.06442431475624857,-0.5286780993675928,0.2683277558139394,0.053162897684955454,-0.2993703505440531,-0.29313506533569916,-0.8532575145962336,-1.0235887504165948,0.11265193494628994,0.23191330246770192,0.652680011868204,-0.5697154053189021,0.8555691436504518,-0.4735410731471017,0.8633078290683246,-1.0419977148602964,1.2713241368972126,-0.6277241872266893,1.063397035248427,-0.010151970334608238,-0.18683940741096258,0.7767493011411006,-0.1764427259468011,1.0431591034434833,-0.25796560524958245,-0.024045763163828365,-0.003066351869706801,-0.3105189325606438,0.8398035626146787,0.276297280879585,-1.223953255800255,0.03855965497458778,0.6414705247918665,0.9119776381973979,-1.124520317531439,-1.0800375474797552,-0.05546300774782102,-0.7136030380787823,-0.5449302512095121,-0.7264430363539212,-0.16080106796522303,0.3734264476819618,0.2375567557276586,0.6734769687079168,0.2552508626046155,0.00701510102018299,-0.5097526118059094,0.07520522528334181,-0.19363790569765008,-1.4518657062701066,-0.5760862577253363,1.174508961830898,0.28964486650137483,-0.5068692696960886,0.5929871127914144,-0.5886976486401914,-1.0916535947970694,-0.7045728783150671,0.9777970271851459,-0.35816230339814814,-0.7402066736590923,-0.6904423870638051,-0.5269253855249157,-0.4997273412103542,-0.3182733345124362,0.2056299384177031,-0.23161167503895225,0.4470640493259204,-0.2470145221947849,0.5692990283725387,0.5199934123756046,-0.27614248304336564,0.8082639467673686,1.2677896807280198,0.2849873450221469,-0.5997865133445879,-1.0331149534589066,0.7170840859827098,-0.7347955436818016,-0.2354750448411816,0.5662498826961756,-0.057440753785655496,-1.1961252667148219,-0.4473670494623053,-0.13223231424119528,-0.9598587761105113,0.8271939019188117,0.36459333670687144,-0.02468037753608247,1.3796732637954636,-0.00971142481829422,-0.10948013602457124,0.3747659257767636,-0.5390241672064715,-0.63053029891675,-0.321475281303235,0.22108678488617667,-0.3566973378133101,0.10706008999379275,0.958702947431455,-0.49370036342172546,-0.30800990588435984,-0.9637013170296348,-0.15036086689395065,-1.1486491070903844,-0.5686449323693016,-0.8236012602567901,-0.4214702263516185,0.312347008392369,-0.22395293624661639,-0.987711658309033,-0.03462160158838015,1.3998619731969204,0.10163343716608433,-0.004716942407627856,0.919480889691666,0.34843783585993265,0.439773057643498,-0.17261704367970168,0.28479898547721905,-0.3447065930409352,-0.16047341635909715,-0.5850477210188965,-0.08154257469204068,0.35604095252359885,-0.28034126130013304,-0.22529540747348015,0.803600059899637,-2.00992123580063,0.06843660167819117,-0.6789471385926453,-0.3837906235216034,-0.16166308093016035,-0.04606554273675413,-0.5498057361826747,0.7598706829775779,-0.37801898387423144,1.0478456957940678,0.4199744296053364,-0.7882920450613434,-0.41537356043176843,0.3555467155483109,1.318734781710687,-1.2099450576810562,0.6175307637155132,-0.26324418588951415,-0.5866203565335688,-0.10708222657719976,0.4620117560902312,0.4681652357016273,-0.7869114598415641,0.13285767504355978,0.8289248290102198,0.33727408650410184,0.42942211739992336,-0.09492567786793459,-0.9805016071945188,1.3258714315663247,-0.4838442021651507,-0.7408295398361501,0.30973357852113087,0.7044397682239628,0.03732097736657388,-0.28267798746843353,-0.2371123283268775,0.7750942061014904,-0.5633539611804558,-0.512009198270993,1.5763265228943915,0.5188877445606647,0.3685460012311069,0.11736083075287984,0.9534168859547165,0.028623025555150394,0.7066376843391828,-0.06094018091923864,0.5879595259240187,-0.1268523514412575,-0.25643120080777815,1.3585399265988192,0.014666110412057688,0.8430092927072586,0.37190527817873537,0.03366847602384199,-0.022375748168981996,0.4591296875266162,-0.38964239224804437,0.27351260511864534,-0.3153244930960501,0.35601673711542237,-0.5949706636023943,-0.2631826339326901,-0.03574731100799886,0.03786702309159001,-0.3433922999566497,-0.03487158321143748,-0.3191480697169668,0.36140862674824736,-0.8589598071866433,0.12954073046588263,1.1418573488425698,-0.12434745922177436,-0.2570638975603229,0.4897432475370791,-2.085334941061931,-0.06293790003874872,0.13071918330655774,0.14584536982683527,-1.1390670261813827,-1.1519428937447238,-0.22952339159350646,-0.6867885676965986,0.7972057402521292,-0.5882409086932332,-1.0098559973517196,0.7079300486430479,0.1251133698762784,-0.7747146739904417,-0.43334565094383276,-0.23359420320136723,-0.39818167448506797,-0.1867003273013595,-0.3560475567898824,0.2856686572515281,0.6591622229728449,0.3625835658295938,-1.2339251652223993,-1.4363251795654697,0.8721743657856263,0.8856154728700745,1.0872775627747258,-0.6735641155884204,0.13277305999069128,0.279185021323818,0.6764649599799311,-0.06516554526050272,-0.6257486663952528,0.12638693567298867,0.17166696501832382,-0.028899285191484794,1.1815657115997582,0.49082394522421485,0.40248445512942405,-0.40921466203768186,-0.024485304936566976,-0.16408346938091178,-0.0672545285544354,0.5429322302033198,0.1545826655328086,-0.18134365305012368,-0.2532974646391206,-0.08935724032537633,-0.03313480823567919,-0.2014180248472266,0.023814745651708935,0.08938280891314268,0.33987216649998536,0.9960542347293537,0.3373932875659895,0.9319063865427719,-0.11825220590901035,-0.8807593205084439,-0.017976480588797535,-0.13095135357483786,-0.4570862221958576,0.5882008219996216,1.299802571075489,-0.27513118318061264,-0.35631898399965467,-0.3683347106388317,-0.3212258018788747,0.4916405852297006,0.1401591728906477,1.3481559847815001,0.3563573545287888,-0.09341908245577733,-1.0610900119453874,0.4757850702645394,-0.13403088086651938,-0.39278830544491994,0.8009741797576717,0.006624438626081433,-0.202719185227235,-0.24850454474827438,0.722489581929476,0.34249582089914693,-0.4804734067051667,-0.5628294769814168,-0.9594797858929469,0.4326290697562657,0.18026870560874067,1.0821681153938068,-0.1646745325303721,-0.26633155416398496,0.4839291257156152,-0.7759442042182282,-0.8193387438985827,0.3654046025452499,-0.48530355434756045,0.28358167487364705,0.08014741817460551,-0.6268654310137531,-0.5513736945320362,-0.9419971215375837,0.18965535731393102,0.13498046197151103,0.09784296863554788,-1.2365470872463609,-0.48196863679388613,0.3114809261352261,0.24536697980013394,0.9244550231532118,0.6970127908972145,0.23569432875805116,-0.017058660110669116,-0.9598402486280346,0.6923077182091446,0.12701115476512248,0.6404275220544053,-0.020051137713460888,-0.15410624366241668,0.31609349927430563,-0.16274569741633912,-0.7459437770151713,0.5297139400695468,-0.7084646358005114,-0.5516588857447311,-0.6063685763395672,-0.42364476534427115,-0.01881090905375271,-0.38714885184944525,-0.19784644262017942,-0.8345713060853213,1.1792570984317843,0.45989365489395523,-0.6202479127305188,-0.2933267863486259,-0.265674171366919,1.4300833909522699,-1.007189437023008,-0.4704552782171284,-0.25464607538918294,0.388796407808409,-0.8964752249253813,0.5408228968531578,0.2689164998980056,0.46917268410437785,0.08834851075132372,-0.4553253103302183,-1.005469797900596,-0.8101351134633719,-0.20689751084015556,-0.37086854068490666,0.38757295910714734,1.3130417533044256,0.2786203682448145,0.21474196273660334,-0.5129402702259174,0.3934990304725241,0.7806550663163664,0.9130021244456966,0.494286730701798,-0.6299054467717496,1.4889683580347413,-0.07916077205188048,0.29547632036953664,-0.6553451484596186,0.16585995304268364,-0.32823773928321,0.599478158374283,-0.34843801214174774,0.3285755183107447,0.0005604759741684198,-0.385353472389015,1.770403601648984,0.08751845968407561,-0.3819376626473118,-0.37874723100758556,0.3797264870669883,0.3195279191122499,0.1255171489666292,0.46563814853684105,0.2542526504253653,1.2346841686225298,-0.017476940736623574,0.4882814570531683,-0.6253920719582002,0.42883788304245385,-0.18599164793779224,-0.8863727295665704,-0.07798901817453374,1.3329446368060016,-0.5767612229734437,0.112582612609954,