{"v":1,"inputs":13,"outputs":17,"arch":{"hiddens":[8,32],"bias":true,"activation":"TANH"},"weights":[-0.6430507034040992,-0.4745618806721549,0.20505264635792272,1.7104380259421252,1.7014942906799162,0.22928896549953687,-0.42186381166423376,0.31490560189929145,-0.9974285716681306,0.744158566835087,-0.8744386467256686,-0.02693248543017522,-0.2578212708465883,-0.08437140624954752,1.0099369681476478,-1.3732179988990894,-0.08371044665388874,-0.9755426620465442,0.06853369218087474,-1.144588793637438,-0.28934419957183455,0.4995023254155639,1.011571919854888,-0.8484154843689514,0.5644271272435104,0.10614618137204113,-1.180772257299193,0.8140265129798426,-0.12953329332787963,-0.8024524633251103,0.6526394931434801,-0.8410894546150092,-0.5263873321326706,-0.9787015879506672,-0.013273451928031138,0.13797752517929948,0.5149960307119105,0.8389605050653123,-0.009404447625605368,0.34817935798470784,-0.5261402408018672,-0.6645900771105068,1.7067074524128045,-0.8073006477275785,0.6811780124850436,-0.10622817706152039,0.897009733382385,-0.45044931920416353,0.9132119737391903,-0.6599454081385282,-0.15391139660456463,0.042284523374389156,-0.1988706769425143,-0.5873155249289032,-1.1907358832761745,-0.32206594883958284,0.8873467007227763,0.2989924967919765,0.3841386447142225,0.889752654795783,0.021997547698590157,0.5297299367221974,0.6738503470804966,0.4895426216649489,-0.2526772691114802,-0.3727516494232792,-0.014377231013924924,1.2983757696449552,-1.3828974319327354,-0.8388012219590321,-0.5129521431281903,0.6523513027347508,-1.345081794258432,0.5069891983599035,0.5927972386918199,-0.10730420853725353,-0.2714844732196305,-0.00709351771764774,-0.2581602348413839,0.0760510359020815,0.9121599466314048,-0.1900727364093511,0.17404222796991367,-0.22839143470610093,1.4748850746748048,-0.7761452054171655,0.9322770760236233,0.35242170031387055,-0.3365771338915223,-0.1835309573846324,0.4734879315117852,0.3095951801328549,-0.7890640722916029,0.3801448259970439,0.5032368887469757,0.35494521597913126,0.5673367340680191,-0.45791565361576714,-0.8169808642749314,-0.6664599940558654,-0.48888292398867184,0.7208701344620915,-0.355626956825059,-0.5557889450667889,-0.45852382279466364,0.8892774754955793,0.14222454093400663,-0.2608137932037781,0.08731596534358796,0.3718875605852392,-0.1587126710074753,0.02584119587186795,0.8472573959439611,0.15291369354762516,-0.750180071273805,-0.07057044601555192,0.8379656990900289,0.05447292260188759,-0.6956511898179053,0.5232328091903672,0.23052990682096017,0.17849804889650298,-0.07323817782203978,0.05356570142454378,-0.34536915370015936,0.7579905639760801,0.28185984821860965,-1.0176736114512983,-0.0008017405425336812,-1.0853373356146991,0.06978946253362708,1.6184444218397587,0.537386146287527,0.5234203063080306,0.06363902307171598,0.1500875331097623,-0.11158114733280777,0.8619535702101884,0.8791580748237532,-0.7795272013502693,-1.8245690619314812,0.3015147729694389,0.4909792499241084,-0.0502652229804563,-0.9463407635832787,0.03126864445722912,-0.28426393748031936,-0.8377636995514028,0.044858561626003275,-0.19237487891170352,-0.10586673897218912,0.21100700213030038,0.7257417670422868,-0.2080864598678918,-0.05669571140126055,0.838672242631673,-0.43575593371105453,-0.20995420705551465,0.0912061396651864,-0.30796028687717447,0.5936074367608163,-0.2479836476210968,-0.07863153791411312,-0.10011148215269977,0.2664386030117945,0.15574209058342015,0.5420703525051533,-0.23540138660458415,-0.24648890273551877,-1.364565285435448,0.09516483790440637,0.7324071721586226,-0.09166215468795204,-0.05679456965472886,0.9064938272253807,0.30646610767977267,0.2633289716588428,0.7804312810255418,0.5908803013417053,0.3029272641164038,-1.1260340063732763,-0.43904862342584616,-0.7533764175879787,0.24560628855001682,-0.5215933100395421,-1.0319769394296552,-0.37399112117572547,0.8873304000174708,0.7532592184169817,-0.3641327199751317,1.2369217642262336,-0.011720774404921534,0.1318547839345493,0.6720898510598347,0.9445634046638227,-0.17098549436128102,-0.16095227870006248,-0.7070027414993324,-0.746567059749428,0.8008764102344487,-0.017504832972891845,-1.1766569590957414,0.12170804966347591,-0.7348458077883485,0.2965397934842139,0.06071167911879877,-0.7577988498563034,-1.204695218826751,-0.018071684234127427,-0.5587731006950053,0.24950884650282412,-0.9426471531285994,-0.1286646156201867,-1.203113958279573,0.5718068761614238,-1.1999208918878097,-1.294015846736274,1.0184428848693294,0.3642615437642612,-0.2622622052462967,-0.3503828124475236,-0.856921477839272,0.23417623359971212,0.7621215048076067,0.2568224711029234,0.7586346595879999,-0.4840886091794345,-1.0741114385349306,0.8060958841730307,0.410798861684839,-0.9751561689909829,0.5711023751339767,0.2326365202185809,-0.3966963271925491,-0.8330754062093568,-0.22063599932190814,0.05349341401468091,-0.3109442849661609,0.9182470669243081,-0.288632273287371,0.45754507194921895,-0.3292010615850241,-0.6696339196847847,0.316640258187943,0.33604691758923877,-0.7277181349569085,-0.8925103756750155,-0.232433783257232,0.3606761042250042,0.41967087250675855,0.3213026474727161,0.48923859830802685,0.3393388673486058,0.6262837814807223,-0.24523267585057096,0.41284976928369727,-0.09561170131506568,1.1689411873229048,-0.07092695491136002,-0.6791945021545156,-0.33453132722622264,-0.262072807925797,-0.12180925284582247,-0.14915061253625894,-0.037714777567487846,-0.14481369431490193,-0.12363930343168295,0.3836042639385509,0.2949584885529937,-0.6557856262292756,0.3640777364296457,-0.16649339564692497,1.176169896192949,0.46368584034449284,-0.07620182845074766,0.043745190512696,0.07362533389568005,0.440832657465432,0.1764355710544971,0.002081505968911254,0.8488392007746208,0.8422630007030248,-0.3885507614953703,0.40187185586332486,-0.4852596688987816,0.13108195858725288,-0.427976146213564,-0.383440672504295,-0.07961793327662166,0.4169929261406012,0.10465064209099745,-0.7146062218832128,0.3558369401489915,0.08258824235415803,0.5130665927018185,1.0221269931188728,-0.9132029131250765,0.22480311703496295,-0.35286807910758305,0.27766738277805114,-0.5183724371980869,0.7176404275009384,0.5862870665028773,-0.5498868540400167,0.7377699040707066,-0.46365425934303117,-0.7654535396055886,0.34167991256257607,1.0944040220673936,0.5582584242614947,0.33212979256005476,-0.12165479045916906,0.516819536722791,-0.1252366732596443,0.44202218596520937,0.8442919355203864,-0.2892220563488637,0.016566540484431742,1.087116951544393,0.40234208971348734,0.4807114643902233,0.36120778115867963,-0.61126381264743,-0.20430715713819247,-0.387326852862123,-1.1802406937277583,-0.3712752290195352,-0.6327972318863208,0.20840048694813448,-0.20308350156651692,-0.42621985246473554,0.9457968705814368,0.14569915631398075,-0.07200772350237156,0.05959187419747214,-0.02925082526210408,-0.46229637146467517,0.7881943361779292,0.06875446621681185,-0.11050578997821764,0.9101206438246883,0.6488854840049999,0.16526121582645673,-0.3935968658385363,-0.6442451539923378,-0.6163004806141548,0.9158132745050158,-0.5635213495961933,-0.5058719675113396,0.49422841765238423,0.10600523103844955,0.60807974621546,-0.9642128620221972,0.5443358203363341,1.1293559274528955,-0.016116687352962268,0.14915636712420582,0.486406753795377,-0.9129534324652873,0.932075754392862,-0.47913988564741755,0.2179918490083357,-0.45170414002821735,-0.2817303418259524,-0.03388599746023688,0.4273545420909216,-0.4647651830978248,-0.3709956154774114,0.09305665845166837,-0.13766227259010108,0.7192852883262969,-0.1606960990835699,1.53981983016576,-0.3387216270180425,-0.7751711692239505,-0.3882862967242915,0.48305528477156,0.597537972573621,-0.20361491048265148,-0.35129729948990984,0.11345113162939657,0.10567882271013046,-0.5817783294598886,0.2084319082711856,0.38557829982940506,0.2892378466059615,0.5682140582456169,-0.8303447873827412,-0.736242153720986,0.03803715773110584,0.2733809241159702,-0.23539512803163065,1.146559544686832,0.2467464808548432,0.578897552342121,-1.0125682805183036,-0.12665135032317482,-0.5167696919507261,-0.5630261941231165,