{"v":1,"inputs":13,"outputs":17,"arch":{"hiddens":[8,16],"bias":true,"activation":"TANH"},"weights":[-0.007530796633878308,-0.13687980513218279,1.0370504284803739,-0.06924446721674253,0.49750091823184095,-0.038863445446303914,-0.33686286363743184,-0.6624033584109686,0.296438919798316,0.8068852841592107,0.2366043460658832,0.19418997122319842,-0.15537323857984298,-0.38508080192097605,1.298128340235997,0.18125414858140332,0.430311592949594,0.4291419754888418,-0.4699780677429512,-0.9648443317899994,-0.05056843716503475,-0.1875653328204255,0.42762541766971013,2.028234577635278,0.08406528671763978,0.13250043860363817,0.2561135525717181,-0.38429398661876696,0.2000356217753314,0.012167037469506425,-0.5048513795050058,-0.22634103562994579,-0.4587615603227772,0.7757769287196391,0.15739590534164077,0.5112563669162336,0.17097668160583038,-0.0624231069850401,-0.9641140822654192,-0.04254335813129367,-0.42501392340913496,-0.20406438669707103,-0.27957344218409713,-0.4894313992083501,-0.0418627282163537,0.4499207583833757,-0.727746486988735,-0.9012567965357761,-0.030848367874207853,-0.45767287695825576,-0.6923878439554504,0.11839191611810368,-0.5702864083277625,-0.3742826063100196,-0.7530356880385792,-0.35467536543099454,1.059852310272177,-0.5459391982390683,0.32370417480704583,0.30833518878910277,-0.6240218191272008,0.5992597244878087,0.7620445985750024,0.06464921300804732,-0.16523366626715366,-0.08743921448468657,-0.10766485230004959,-0.8283010495917941,0.40549637843725433,0.6344335868768841,0.4822012517777145,0.38803393151314286,0.8071968033845655,0.7510063573116522,-0.26712017514734154,0.7113729901835785,0.35229189066270544,-0.9335194435927809,-0.9898623436461381,1.15186490979671,-0.7452542043812317,0.38878643133756724,-0.1924179984835663,-0.5712521424204987,-0.6015141407698816,-0.3806939393012639,0.0900735813133417,0.30080379722682776,0.3455618256873677,-0.7169865774194074,-0.9896722789981156,0.5205572455521128,0.6459090976535994,-0.7938029895685601,0.756665669030058,0.642008520733822,-0.6190996033719542,-0.06573252307713838,0.028954939472513506,-0.06947225116579196,1.2078724896779514,0.3162884460740626,0.6239805358663292,-1.1499872794233796,-0.29536605290151,0.09789429096531223,0.4725769068255226,-0.21631645413904335,-0.9157835774527113,-0.659773325416611,0.3084283186959504,-0.06695603900170054,-0.06952927081558001,-0.0358847917855382,-0.03130810760024541,0.017337172147118083,-0.5256076856574043,-0.38989770059175977,-0.3803694943535696,-0.7782849639663486,0.16553331397178433,0.8322754951004199,0.6268222668523197,-0.2819248387239495,0.7721707269683792,0.4014026485847841,-0.5537899590871578,-0.5030081262347627,-0.317708879422573,-0.482548806372687,-1.26146761383286,0.869900523546308,0.49669699943727685,0.5070371858383464,-0.0522874506836269,-0.1946890133532197,0.39442563709436346,-0.2810979407406229,-0.3691379426978937,-0.40159329392030696,-0.9522052815151032,-0.27058793756900335,-0.8230075886646772,-0.4414373263151332,-0.5105247408921744,0.6344814258544514,-1.4778514755550314,0.012761924039525604,1.0705890628674013,-0.18386790081877422,0.356771978028872,-0.28524692052480954,-0.2573858418158777,-0.2669092144379268,-0.24051400776880924,0.012110919567933448,0.8322342855394519,-0.083820460140222,-0.5055908090683331,-1.4639015798131587,-0.13320270198777057,0.199071109232736,-0.6179566652125773,-0.09852670798061536,-0.6333870166956342,0.27718463283852207,0.8006924990955351,-0.8458110397193896,-0.3884210340929244,0.18028461368253426,-0.0924249228936445,-0.24451962907475117,-1.438319023296508,-0.3394191143357763,-0.4532263993760619,-0.5054066406592491,0.7210573161116782,0.04068593512528088,-0.6572562187357975,0.07606397104980854,1.223374056782789,-0.4256192666084294,0.006379366986176215,0.5331065582264913,0.21603126139714568,0.12433232722654343,-0.33927141953868045,0.13535104801549555,1.2019823581579905,0.2609055787079038,1.7553814266810583,-0.9559876809169476,1.1000114177537546,0.12203109866945253,-1.2637805665734718,-0.6699714577486023,0.5210724897822339,-0.5140596902058224,-0.1716343862513902,-0.1571815005198857,0.6522624273783685,0.25142480696788566,-0.0482590777773388,-0.4303963099755683,0.14056657777452133,0.2799100698823258,0.12739010199826856,0.24669062710742226,0.1266408565974223,0.6534110480608871,-0.6991719766175153,-0.36422381340227167,0.14586823337944443,-0.3577067799899154,-0.0747197711457235,-0.22001927071389665,0.7844226154196977,-0.32904857332135523,-0.24435794644115405,-1.2604918213798464,0.40009734181875173,-0.050266777934173494,-0.20037317871619434,0.19688490849311385,-0.6887008190128271,0.3662781483301545,0.1564790342113096,0.6354801492386287,1.0380168895347934,2.067563406097689,0.12596309857285987,0.004287531269254302,-0.023406166611579838,-0.0018074226331926003,0.509099279881615,-0.12431882001608888,0.4536951505006812,0.4883066448924773,0.49149378091461265,0.5264234924921529,0.7338534144789516,0.05949013433026926,1.3071093623221295,0.0777209097634394,-0.08837591370726187,-0.5962457858823313,0.9631607828221895,0.9812571588586171,-0.7911578928298764,0.04462864551463567,-0.2848685814681019,-0.829928876531672,-0.40355878819332597,0.06483313847646271,0.795611428128103,-0.5817110267270064,0.020783781231649343,-0.08124035789962303,0.2442487995186325,0.3994749116227827,0.10222304114978295,-0.1502520724289989,-0.42206614979463414,0.5414469149275959,-0.24178737363703118,-0.7046145157692052,0.40551600635039486,1.048031961035801,-0.4379758743529015,-0.22290954609237426,-0.965563628719537,0.4525639935075134,-0.41175348330081163,0.4360231513137251,0.3666677074310679,-0.32185969707695306,0.05261225766406619,-0.4992853230459272,-0.3983192502309086,-0.4473555130869564,1.2973795669837465,-1.853037239383773,-0.650153873448918,-1.7989143706606645,-0.8458567102351248,-0.178462740031001,1.0993700684975456,-0.09415234564662255,-1.5491042610464352,-0.3733866543416675,-0.3532254212834395,0.04781488318913072,-0.2707142457425034,-1.0775644860884386,-0.20209326315804452,-0.9433612644821138,-0.3938039991601738,-0.7271908068137672,-0.31578812921451177,1.4968907073331055,-0.190578158051709,0.9232374284632521,0.022633976870099166,-0.17302957751906464,0.2338653063819107,-0.5067859756371069,-0.7732285701163302,-0.03908289086136896,-0.10864655041143076,-0.02798339657882907,-0.02719217911111734,0.9972119313217295,-0.6065500887056806,-0.05271507668387164,-0.38083632383918103,-0.5693872681069567,-0.09854248207926097,0.17764533018866627,0.38421164869881197,0.1418353727263189,1.2159755464674402,-0.1768123091806281,-1.190309414870936,-0.5372385810235227,0.7225565590054198,0.5694066053684991,-1.3881587785978848,-0.14107754954703092,-0.023831822779901278,0.4356281993583307,0.18569104975208006,-0.2959141945609507,0.4328390195556025,0.9612171804646912,-0.11238618038346458,0.529731562973046,-0.3781884846890881,-0.4099358257064946,0.11033944839949053,0.5790573140666031,0.1760578338794991,-0.909828691542935,0.8009617025006728,0.1429631839352056,0.7502614519206856,0.516547322922809,-0.17032813929961782,0.1317517605690591,-0.9811317453419339,0.28213217512614913,-0.908633295376614,-0.11591945200757817,0.33978658268195755,-0.7897585007733425,0.34581115052311967,-0.19003902876472564,0.47953378761820825,1.0417484142608961,0.11466609766435124,-0.041891774406490674,0.32988224911430497,-1.5312125676116173,-0.6109867517608826,0.28501749261109954,-0.2867363689864363,-0.6540058537886411,-0.15652918545561453,-0.24859892495844743,-0.5853885140669781,0.8710214369131555,-0.5780413588759741,-0.6826500681060913,0.15240182489329632,-0.9179904031797866,1.308453573922651,-0.46259768279984076,0.3290346478505318,-0.5089095267849241,-1.4077787999761786,0.0959446746500046,0.22043952454591778,0.6030248323641294,-0.5656234552850938,0.542985585162948,-0.47663093157683234,0.167668881183373,-0.2664939395873928,0.36112081520732636,-0.5621267414036616,0.4961674715691845,0.13286920302844946,0.21012697482683593,0.2610380814588312,-0.16916581322929267,-0.5837261021437656,-0.2850815507877591,0.19028198829090195,