{"v":1,"inputs":13,"outputs":17,"arch":{"hiddens":[8,24],"bias":true,"activation":"TANH"},"weights":[-0.8373336353795487,0.07584311954240823,-0.40721775896747836,0.46079028401692784,-0.2769686828496297,-0.589975684668534,-1.0399250790904342,0.2310565130824827,0.4168908124141831,-0.217090194381413,-0.06568237491620743,0.15293854878656787,0.03758178685543902,-0.8591059416881669,0.1269879197233457,-0.20006310046746717,-0.21335405181278308,-0.08965625613803202,0.333398089933062,0.4162178134886277,-0.31477963340947523,-0.26465335391486944,-1.0042579789928185,0.34502690379804485,0.6215561956742225,1.3310903839063108,-0.07895716755592874,0.4234169689402899,-0.3027121927904208,-0.9845726140183977,0.9555208736083959,0.09594599529607031,0.22834052220186818,-0.04034895363997576,0.6733132498464848,-0.786297810183229,-0.5404832195076041,-0.5373990801965913,0.18376183744189242,0.26824977500630265,-0.7603149633028152,-0.7617026156860273,-0.3669110170422225,-1.053475342875308,-0.7683441788280029,-0.9649352798009192,0.15558104114898522,0.6890688801227047,0.22039248290628924,-0.02442316749808954,0.11504135574089322,-0.3649634321714468,-0.340233985856507,-0.5511118649636715,0.7693631598437873,-0.5614456319234351,-0.2689953099483611,0.2355904427501202,-0.32716248164078887,-0.13108601951786342,-0.4798911991844476,-0.5826281840073295,-0.9584636481433372,0.6250923046710368,-0.8306355398962514,0.8552801905586878,0.029828833527859366,0.2386559361245815,0.8843294808913377,-0.24084662468024365,-0.04919472236778859,0.12113060358116809,-0.1570124961511178,-1.482299958915051,1.5110775156632685,0.2548875983399319,-0.44596077376432286,-1.76176104221647,0.5571013768668741,-0.04239515871301508,0.17073946644905005,-0.7986248469132251,-0.3162443256756662,-0.5555069924012527,0.7047503919243036,0.9149284688779363,-0.00671127913633307,1.0080248293333898,0.10683944837122192,-0.8336881269350658,-0.25948935943565,-0.4277824644705357,0.8706974640945645,0.524507595470882,-0.1247475806676294,-1.3487890100130144,-0.7573837693632688,0.48666959215512445,1.3970883661455613,-0.5974361465498724,0.4353493475154018,0.057434769344919645,-0.32007145244165164,0.6346592072584734,-0.6971649739330782,-0.5628340455533023,-0.5364862373012174,0.62825640644891,0.26632602877885936,0.11999766527722816,-0.9162567867620193,-0.6142660399626575,-0.4993150643994879,-0.29555153175326,0.282719919880843,0.9293707038161803,0.14901759007226775,-0.5703536044272961,0.23252309059411524,-0.5932739668266432,0.3114796598901154,0.37256388943813157,-0.8918430109621029,-0.4370757805444569,0.10870327231831925,0.8445365620491251,-0.47646507654435283,0.5393030958522881,-0.6162022947978344,0.4894691090166338,-0.32846339585162576,0.9097786421510325,-1.0113741388338997,1.3962781568082643,-0.9020213561006167,0.5300649946769481,0.922283196691771,-0.34550438726061117,-0.2455189430299031,0.10330473861323017,0.29543722987489246,0.12337775759530405,-0.32714045487421256,0.6932147370911032,0.22499787406985144,0.15829673470729783,0.4534760780443617,-0.15546200348602485,-1.032132014556366,-0.17259141033745504,-0.304852666048267,-0.736776686630724,-0.6009281088595206,0.21324812480769378,-2.0866220227707992,-0.31593331182628237,0.36993602254251257,-0.026113196321402025,0.33931237257721986,0.24220715245393118,0.3615184252810574,-1.0511452446121727,0.30970386466253913,-1.1014780992250912,0.4335929236125944,0.15879883583681517,-0.53452730200186,1.0052798109399896,-1.110928433853235,0.042198047980636866,-0.2783473352483871,0.5086716640416235,-0.5807057014247065,0.5318084694025049,0.2430551993366661,1.8499924162439179,0.13338568763786804,-0.6667098666147819,0.6156816995561889,-0.07255544618162084,-0.38342050295542535,0.7855783268851667,-0.47609298397257344,-0.30698857151386977,-0.20971308420442386,-0.09686231575289984,0.12424009522245949,-0.4793634852445902,-0.27871608974714124,-0.7391506458317924,-0.525129381468463,-0.6456839618001932,0.4200593123509253,-0.6390992066106059,-0.5057086890651218,-1.1179027465686002,-0.37961640619851006,-0.6159094284364225,0.29490161807759785,0.6480619148049678,-0.5238178388131779,0.918626734728357,-1.1789144484111596,0.2336571521126738,-0.03081131519059252,0.9515638075215138,0.22684182577451512,0.7140695249636584,0.34151752402446106,-0.7824341534760642,-0.12624435846156595,-0.5280990193035364,-0.4786391615022316,-1.1902434005145917,0.06546978391739433,0.3057732474176886,1.082701701091453,-0.4940385735628541,0.09122994876406894,0.7626479231939506,0.8750627803913246,0.3939742527777371,-0.7629334078056134,-0.6095054175046213,-0.0580072272141192,-0.27461438578912223,0.6270950860481403,-1.1274991702336243,0.6557156095219144,-0.4843671379451372,0.5082743078155698,0.28587504867194785,0.41436886836048015,0.6785645679465698,-0.20189928531026835,-0.08523157640088964,1.09426625035417,0.3812272067195004,0.20930145004916276,0.20017353966999504,0.5916049928224133,0.10957126006120042,-0.7635040938335018,0.15926007400525918,1.0607256898078874,0.5529497845524529,0.18015550388408194,0.7759590654347354,1.0996578817326232,-0.451118480759665,-0.37158780644367373,1.1550711007503254,0.49471221503952434,0.874029204986971,-0.2584632420952962,-0.1876810647893352,0.1629165383915092,0.35486100626240724,0.4438746489927661,0.45562568514198043,-0.3498050749317952,-0.6558809504570196,-0.011697064558804909,-0.040619130643525486,0.15394911022826765,1.2087782799034517,-0.43989321436158735,0.0035599572135809,-0.8663075050516603,0.3871758269607934,-0.5562569662989364,-0.08514748449920989,-0.29990250063672474,-0.07632572792464845,0.3404435012723296,0.06747145857195237,1.337576679007161,-1.5164648321196623,-1.0975814068097356,-0.08171504669715296,0.20601789466410897,-0.013880168783287489,-0.22980030442080537,-0.4192291189646661,-0.31380241285043087,-0.47807539826789724,0.027609717079909817,0.8193112266702335,-0.3616173783750435,-0.38228587760150134,-0.2129074004394709,1.2268995960576616,-0.11482687990574271,0.1490708248000781,1.7243442546879073,1.2398994148995948,-0.4451309827440464,0.36210509522513684,-0.024640726192761583,-0.4749914603144421,0.28465460662795705,-1.887151431943165,-0.30852832227474214,-0.2704910345880052,1.1396284254356088,0.3538233865895086,-0.015521741827114915,1.4532729587274091,0.7496258205145567,0.4292614881839473,0.004325402710091242,-0.27528497058725393,-0.3178593500188673,-0.16904074687890974,0.945199302364738,-1.1483383434774046,0.8360604708055214,1.0641541564004222,0.5174674411063455,-0.06713721204769643,-0.18451042961195066,0.6200272899065831,0.21058106742397523,-0.21176411812809917,-0.1421439364335274,0.058960301136763024,-0.5865882446296428,-0.7702847024125552,0.25890254528106715,-0.24340375578406287,1.117818927555136,-0.05819900694982604,-0.2391158976428836,0.13391856663613716,0.395939666435742,0.5336164957586527,0.5292922361711715,-0.8731107088837613,-0.7161746837493139,0.30395083617851076,-0.8243902692326853,0.12602625352439845,-0.40685228341823093,-0.27052917555130657,0.18139232331712202,-0.1743126135139951,0.25201281320804864,-0.17209256068874992,-0.4726794496271713,0.3832728727329564,-0.029660605050649047,0.5852039096697471,-0.3457369201705433,-0.6064188828621161,-0.23248325523704694,-1.3224826062999346,0.028514399069548113,-0.6102128018407624,-0.38299156410057383,0.02425617168730889,0.16194473265474815,0.4024759355966183,0.08108038996767024,-0.2938321143133864,0.1307921534597352,0.4149970648222337,-0.0894733055207053,-1.177624255616263,-0.017390161590621827,0.48456556411409796,0.3997709445373446,0.1472837944213778,0.13887068516464277,0.1986937571344031,-0.43984488176066433,0.06617576431357623,-0.21454069908840928,0.4189887125535503,0.6305677938046996,-0.40489234047312045,0.42583540645079426,-0.5070919853059427,0.06873486825542587,1.0461978433803911,-0.7734306725037389,-0.2974805921002851,-0.17520721683947485,-0.003191362029604088,0.1153442610407888,0.026313407003036828,-0.8261617091400877,0.22964531725303425,-0.6674921440367412,-0.024430626431988095,0.28866642507811013,-0.030074838522979295,-0.48274183868812515,