{"v":1,"inputs":13,"outputs":17,"arch":{"hiddens":[16,8],"bias":true,"activation":"TANH"},"weights":[-0.36316881833847975,0.7325047454889292,0.4072266229258772,0.31511530706916374,-0.38953089617999326,0.362762021333833,1.3564836993299454,0.6175826458733251,-0.1525414683716337,-0.32723413551893815,-0.398248742470107,0.7281826111541541,-1.4448210716795846,0.9696928638206086,-0.10180122417266398,0.2321526803616265,0.4379079889597111,-0.6694684473629754,-0.17709955886040463,0.2354103954278094,0.05254258709461698,0.46071350853074977,1.2586854259402342,-0.7214332284030217,-0.638192575156479,0.4312882786359172,-0.13901363847170656,-1.0815528530567093,0.6063672729364912,1.2004762320548246,-0.4689245906283063,-0.4192007804928643,0.841014387071781,0.9496847868667198,-0.3359198656841542,-0.5794642787462922,0.011355503846000344,0.7181118819075506,0.1271443274838296,0.3978726024617097,0.8497082483849104,0.44503745046868415,0.5886359383009461,0.10889886861503682,-0.07843131392302548,-0.41302191571188385,0.4696210184523187,0.5223526808818827,-0.12587879843324754,-0.8651798194157315,-0.11308236139500631,-1.243713065358801,0.27101201448330414,0.09116758783421584,-0.03901887388085991,-1.483945909561008,0.588244739383055,0.1242446878762033,-0.5411923097656816,0.6334646715212653,-0.8357774572262744,-0.8260378117699515,-0.5198142445234282,0.05753443775244992,-0.2977250750649744,-0.1133745954638199,1.415516677829242,0.7190452028386848,0.07383073943522898,-1.1617268735542363,0.29630330631982726,-0.3576993879232063,0.1263981755415022,-1.0476579906532844,-1.1468150261859793,-1.1987762336119037,0.8318018676285467,0.355308313734125,-0.6799318070428518,0.046711715244143644,0.5403599055302343,0.24995895005814717,-0.5521242316560928,-0.41962126527604765,-0.5956357787601088,-0.04153857390020744,-0.4114864421033683,0.3472173522550503,-0.2085167037201548,-0.15782322449864672,0.7057301953564424,-0.22381015216898978,-0.39563406420273123,-0.15044857974633843,1.3330230613349057,0.24299994815905654,0.5521614646060103,0.4232075711834326,-0.538612547124016,0.16056558157919326,-0.3885200039538024,0.344243845826009,-0.29188533418580753,0.11453748684768311,0.8149638991445488,0.06368920900342087,0.9549062913697584,-0.7045509569766115,0.41152736720154537,-0.7744096149453216,-0.6508170859779646,-0.7887800029819845,0.178730159783864,0.20357915787381242,-0.6104986082966274,-0.09460634182360526,-0.3545088113905595,-0.6501910387469779,-0.37310829259784306,-0.1585177135938736,0.4099496412621048,-0.28202175389098094,0.11745181920151121,-0.23477995169866459,-0.6773895725724334,0.5333365697775774,0.4392001558015128,1.1918547526788268,0.6851479526310639,-0.9178555213029549,-0.9101658416947614,0.6919680073512375,-0.7759967282926574,0.8771735231362944,-0.5560267736356301,0.22521393845985838,0.4341421836251832,2.0387371359429647,-0.07611345821968214,-0.9056947459114001,0.20317892371576662,0.017749504075430245,0.5893373188869213,-0.11811586311600816,-0.7481440188018793,-0.00017074435779357088,0.5298615745262673,0.20236561120588353,-0.0634511992300066,-0.32282132187540646,-0.19662882662373446,1.126323716246225,-0.3126717731862753,-0.12003117750836625,0.11787743839052794,-0.0865667747759695,-0.4463413938801558,0.028818342833936025,0.4344650863853415,-0.45663183381751526,0.010429490919593961,0.7950609724929437,-0.5212867701355105,-0.6257482907455322,-0.41454689404007605,-0.42563925842996997,0.026460924387008807,0.9004751776625197,0.1680287847213994,-0.8193569524484656,-0.2061727627273683,-0.7434776659460918,-0.07308268951467814,-0.47889142581023214,0.7549476151709763,0.04406052980705445,-0.7853564749031879,-0.6394134187936001,0.9955270637983986,-0.46254090236225937,0.6155318617919099,-0.3858871146669709,0.19320018846612433,0.6224084603353689,0.8247739135852141,0.5078722770389175,-0.126725804398358,-0.8320159101296614,0.14189178546137196,-0.7744172423958859,0.0038882255723339774,-0.09050303004981808,0.6016251549178895,0.07331744391376509,0.5188879194836052,-0.06743129704954891,-1.5374002223849643,0.14853667571949625,0.09754289689825082,0.8351026678819626,-0.24944099891394622,-0.0405101291506228,1.3914110657089611,0.37431629461357907,0.424493572326204,0.8560550253193695,0.9181128310839514,0.06175684589187254,1.3613778804985788,-1.1125002980407328,-0.13176116688003914,0.25211047992489805,-0.3313083310156386,-0.42845877805211896,-0.5452262459355618,0.16947591253582792,-0.4728767709206679,0.5023236042225108,-0.37294787330573426,-1.6579466485240626,1.5723278243711019,0.25820331790584194,-0.031570411387761524,0.7645393506640192,0.7081533266592678,0.8584108636786483,0.5671198102770458,0.48531584254413274,-0.14645258075245726,-0.398582513474021,-0.18124152090652568,-0.5082797077822002,-0.5911964933324714,0.13757927837989575,1.278212849005526,-0.3989482884451701,-0.22084383477644948,0.6426597684566191,0.34854856197606116,0.3575204764932863,1.6037103838690516,-0.8070443316025714,-0.0826941117086975,-0.9605538769824806,-0.7068907044186797,-0.03787627318637687,0.43322627129986074,-0.004118345666930555,-0.6130003586045639,0.5112569780399926,-0.7091863026387891,-0.2936642727328271,0.01768892953917956,-0.14098171443663737,-0.02514730002628918,1.9803857509588272,0.12427385609263637,-0.15568763565935018,1.0331606079703322,-0.4899632533507103,0.6617646577883012,-0.0020938692141995946,-0.016550651149135315,0.9696739632750375,-1.2976656394721862,-0.4531729493212499,-0.6364276688951929,-0.9319572200654035,-0.9080838904265605,-0.567833783480157,-0.7368372344003836,0.8132149963104491,-0.5164040461970073,0.7167603520751571,-1.0906033371079151,1.2355082886100222,-0.5452875575916035,-0.5271989234175833,-0.040560307740331765,-0.4168964407680915,-0.043456201339875135,-0.42844271566514985,0.03744039647335229,-0.42026790375740875,1.1544499171623843,-0.12438665594051118,0.7498234086052612,-0.66700901652407,0.5904425184397243,0.3270695038488494,-0.8578431826609152,0.18213239244840487,0.4782983017255352,-0.5444737332022824,0.012854431639540623,0.36247201882492136,0.5053463352880972,-0.7996428777669864,-0.12096699583747766,-1.3279558435467567,-0.8166874902784307,1.7833817401928542,1.2973744478861522,0.20187038276827066,0.24347991756661327,-0.7358979366977682,0.4790615406187402,0.6528396982516078,-0.508181219122757,-1.0652934009281294,-0.7152306307860388,0.045095711001570456,0.47419407880886755,-0.7157402890280027,-0.529684448742287,-0.7522436055682772,0.6445913293394436,0.9225067999508354,-0.7805086114985218,-0.09445139108619285,-0.24815735852060933,-0.060517523945849985,-0.18842702824102853,-0.710850419335635,-0.10349791618615997,-0.25430357729286684,-0.18675308707048346,-1.5307113015752518,-1.074391235834461,-0.16529529024325815,-0.4036610292225209,-1.7318795374350189,0.040173849490600176,0.5261071928917862,-0.7795683652941972,-0.21889634665953367,0.10959954618917886,1.2545163447766698,-0.4240745744456035,-0.8376265148331572,-0.422298110868528,0.8891556385390569,0.2591097767841072,-1.128800309852136,-0.11362993492091834,-0.10758998213956462,0.41368763554368737,0.44982107154018985,0.3665875090947549,0.011523613554969336,0.0678319967445587,0.9512465822717514,-0.7067180177625064,0.2682916858194735,0.4537649916873828,-0.32561944720762537,-0.1579139966382582,1.0040694197775157,-0.62431373220934,-0.2850856728060109,-0.19987453070093925,0.46291193872120806,-0.025010295356324257,-0.42280066749367773,0.24384920013919612,0.04219487606861155,0.6919808348039209,-1.3171745110017739,-0.032087320430081626,0.8129440100747023,0.30257140317101233,-0.9449455798904973,0.0610233463505093,-0.06907083534434073,0.2750529704478338,-0.15172286459489553,-0.7478748416552103,-0.533844126218989,0.28126414052020055,0.13343042442135472,-0.9727804064017733,-0.843109306839106,-1.276042592979713,-0.20888440131802458,-0.14601224103333424,0.2821627019130877,-0.14564739424661854,0.5413961277216113,-0.5512783901838401,0.19590851544403348,0.18859871168243922,1.049167618495739,-0.34999946385026776,-0.1431460187886407,0.29566958262064014,-0.40310136437639876,-0.7513000440433323,