{"v":1,"inputs":13,"outputs":17,"arch":{"hiddens":[16,16],"bias":true,"activation":"TANH"},"weights":[-0.5736973376304894,0.2882244698804922,-1.104976310870158,-0.6845292425724144,-0.42938318077659826,0.7371544038378625,-0.16111063597634664,-1.1191650949345668,-0.3995994889542367,-1.9029741852577542,0.33917211664247454,1.0534076855904666,0.562950096447491,1.3970129629716896,0.6659740303405529,0.6181666640679047,0.1598567294112558,-1.291680499753598,2.899677033098815,-0.4364749594924957,-0.9591920813527326,-0.533605250049692,0.2947861215630734,0.1982333098282204,-0.25397152824700486,-0.7333427307376028,-0.1830242769937753,0.19764069625820663,-0.18537631213760536,0.29395777969973236,1.1068862645190896,-1.3178017535943845,0.48012271102248627,-0.25758425288624404,-0.6751583260689357,0.5332332361249615,0.29937591467245767,1.265466806844174,0.6813472674527954,-0.6829520466964046,-0.7280620598155788,-0.11635652271850139,-0.8909524915501935,-0.11859731493498649,-0.06635860743902303,-1.4411764507698055,0.033340710856037514,-0.19276752330836902,0.34410409416711246,-1.8278847300578105,0.5237242243979552,-0.05278925315862349,-0.15454902879316615,-0.8872532627984973,-0.6438751642009477,0.23678389177103565,0.4379387049176263,0.3176878690158558,1.5996244171522915,-0.2219145113597364,-0.14450732321918489,0.4064880859780931,0.1432225713291635,-0.6011942128307214,1.0552147461237238,-0.1295871721308383,-0.613073864007297,0.8706602413308296,1.0418475004753844,0.6322108436775157,0.5445144049901726,-0.1702546975039514,-0.7496772890885275,-0.3093811172375122,-0.3767556030654221,-0.1315291193551737,-0.5455652245240878,-0.5585677283231537,-0.38652498241577316,-0.4000900859487,0.1373271635944718,-0.32540903321125386,0.7324255682806742,0.8812565327095373,1.0752563433466669,-0.6129774112082247,0.4218269717829732,-1.137128144156351,0.7169907332168357,0.399340144457359,-0.9545397071033552,-0.863429521065874,0.32527877223288704,-0.5975245661340571,0.07515430997427074,0.18248205774340923,0.3442200624570788,0.6731213673703321,-0.3445443579155302,0.44302483322304936,-0.44430924125237276,-0.2003178698708292,-0.06536694342786864,0.641786264462894,-1.031017179539647,-0.17082182744360264,0.8601238842526404,-0.7748482067404275,1.5983634138627687,0.10096610252219096,0.1308836806542086,-0.3143243725622241,-0.15549939069850666,0.9157316372248276,-0.8787016712450898,-0.34580767875756224,0.1598370594605466,-0.5434929572916857,-0.982816324756991,-0.7140213139465462,-0.2367459330950002,0.6929144579621621,-0.07656912244656673,-1.2038264163319683,-1.3901708176735168,1.1414371106836638,1.0987128839663616,0.8445525514670195,-0.7790027972339912,0.5619032200298891,-1.1400025395950841,-0.8952264083246789,0.6838671221493443,0.17908761496047126,0.1568142211580111,0.9272180482181109,0.30130118449906523,1.116464599239462,-0.0668521720773598,-0.33136081989451666,0.9523493504932443,-1.4284146490866323,0.1818601141219408,-0.35300704128656407,1.0034790034998462,-0.019165548661438502,0.6053980890472503,0.2790854460968834,0.23442133574846458,-0.9151486136191871,-0.43282954104713345,-0.645169757745102,0.6458980382341258,-1.0512410759427188e-05,-0.6829815164831969,0.15345195333207806,0.8923327587183216,0.9841070181686609,-0.5242677965059631,0.34908189854099375,0.6688853373892001,-0.06511845082568168,0.6849072549019773,-0.1118828766193408,0.11702976140895167,-0.047015695212269906,0.6285361507173616,-0.46448839883058257,0.639413878678668,0.45425189878940697,0.11322884290291574,-0.5717384298488444,-0.2986294351387093,0.7441172255366962,0.937186168381646,0.3961909172246316,-0.145128757171162,1.3048145708294436,-0.2997870244274593,0.6005016141322144,1.1477368398588514,-0.16438955497777713,-1.0522829223456633,-1.453883517775825,-0.06100195091536976,-0.728761489646306,-0.665391431701718,-0.4891532408776145,0.45156180720679057,1.2031736637805408,-0.8434723861157817,-0.18006749568482283,-0.22001195120349493,-0.7261709148901794,0.6097110215103314,0.14168589787120076,0.10727922316252539,-1.0254494969015115,0.7261462979682007,-0.3918755412171977,0.08270174976718984,0.6803124722169226,0.6833613467281353,-0.787074237131735,0.13465204378032194,0.9913064486527321,-0.6012084118221845,0.7131235002718007,0.17252074042533758,0.43786489832206227,-0.15472543160506066,0.9107533389084057,-0.18019706016373668,0.4743648055254937,-0.15563506646393543,-0.4879547032195635,0.2638378711533484,0.9312085836105893,1.1971685448839642,-0.8506591002480809,-0.5096327782865185,-0.3308706809061035,1.1419298922625283,-0.2088625098895644,-1.0614822982984458,-0.6647515011024789,0.04696795079261024,0.6013010323113932,-0.28119892834201593,-0.32477626273567184,0.5896008516333501,0.4969363715150082,0.02265824612476083,0.20235749869496475,-1.240911582484815,-0.48253752555019536,-0.20091152658767492,-0.44067878544892275,-0.4461112639221473,-0.7954789871652961,-0.4329908366366427,0.5917735366058837,-0.7066178376223317,-0.2639423676206817,-1.0107872038302987,-0.42500709704127293,-0.07452891435288679,-0.26996680331234657,0.7503176441287235,-0.03621806901229413,1.6046609675774959,-1.406754268329245,-0.29877859154770975,-1.0132354089144355,-0.17421371008941838,0.08244815499577508,0.05860749150303621,0.05546701773365237,0.9739016582126956,-0.18622390091588276,0.6534569580961145,0.08612479129678842,0.5767527506862544,0.4339398563446448,-0.5103374001337448,-0.7898672236737991,0.4576443845379712,0.277100087748743,-0.9671310856341244,0.5290892568711114,0.21180504336503475,0.463794665531827,0.37032436008257114,-0.8300310120030642,-0.27025683109349774,-0.21387233820104945,-0.22896052410527892,-0.730317614648814,0.025556474241626433,0.5459188302824141,-0.42363239894614746,-0.690172829617465,-0.280551675573367,0.3008027020693372,0.054733374352116664,-0.31906498069611505,-0.8183586043179933,0.4579417347830314,0.6162613769043266,1.7158723151420696,0.26120658615223974,-0.9986055316484127,-0.3473318580200787,0.5727447812004284,0.2638328043728814,0.2793691428490418,0.2924932765218621,-1.160951647759913,0.5450759755414063,-0.31702780668317054,-0.5244658006883911,-0.004213668936583648,-0.21410960689065062,-0.09433877435637804,0.2591963497850191,-1.5543784626631987,-0.21422857986009403,0.4293869063727947,-0.3052945777382993,-0.2614005077285302,-0.2922335354182729,-0.15940556423411045,-0.712682671114322,0.13120090976032825,-0.4418556278693356,0.15257127016721675,0.02685135571659447,-0.1146854768425585,-0.315275715712823,-0.24650599804798357,-0.5934633124390142,-0.7563688381256862,-0.8971628682813073,-0.8391435261015086,-0.14901529648791054,0.6263167899575818,0.3769076193609188,-0.5204013113218073,-0.6060181782522025,-0.3849580565250903,0.45729571050883855,-0.4812651287046925,-0.7508673185956087,1.067761651134943,-0.10840358375365707,-1.3693214223587142,0.3314916438821478,0.10810804147372952,-0.45389837372106673,-0.5177795608689612,-0.5786597698170816,0.42802704660597024,-0.6097568052225258,0.36618879353440503,0.012660436044208523,-0.5929602348788564,0.00766488261211591,-0.17427457418666045,0.675484658518553,-0.31325923861204974,0.4882738762364285,0.2752253095704747,-1.5538821170884898,0.6175397321506274,-0.41529224859823255,0.8470666098567954,0.25324785845045733,0.2706108853187937,-0.07825284991331172,-0.9298417608330224,-0.6237304640082139,-0.5434039930054867,-0.05646953841788763,-1.1972206782087342,-0.4108995405525585,-0.459741484904175,0.6458170155876903,-0.5819530576161973,0.8516352790192868,1.0687829134002211,0.1881768462245904,-1.1450591178957448,0.38004392252141656,-0.44492335482056056,-1.1294542854984035,-0.9236030408121868,0.7435282949707073,-0.25111105056722804,0.9569112067661342,-0.42104659477017964,0.3592670608795247,0.4048359543129056,0.17963518735374517,1.0287390605751858,-0.3521092384185652,-1.0907327147001042,-0.9483048984177991,-0.5880180014189934,1.6723724961895843,0.0556563170176864,0.49732422513561764,0.006895699033009593,0.5138022477897178,0.06272309324843574,-0.4994161687546003,-0.2955563899602536,1.1681192700809333,0.24641404908633166,0.8335119347007639,