{"v":1,"inputs":13,"outputs":17,"arch":{"hiddens":[24,8],"bias":true,"activation":"TANH"},"weights":[-0.16926996613248887,0.3312734586517878,-1.4512818138420942,0.7311532958475341,-1.0117240834760883,-0.4979877051537805,-0.6563542442514549,0.40819794979102336,-0.24916176804040122,0.28580462073183827,0.5617971449731081,0.058299006380789,1.0920770905694654,0.30823198384036693,0.20002364922429935,-0.463071970787329,-1.448088042626743,0.19521179354414014,0.6123452675172395,-0.17985915644163497,0.08630505669309736,-0.5299980187258617,0.3947577683150592,-0.42516162151962333,-0.7084710440054014,0.5921160524912329,-0.25973506052989065,-0.43725775652486965,0.7488785211520114,-0.8924575098721019,-1.1682444950003177,0.4441640917361548,0.23991781668387746,-0.23840483985757852,0.6526657267702298,0.5979985088752936,0.5548336884661227,-0.17149500949949326,0.07334664184067038,-0.7245182857770959,-0.507664526721206,-0.4624732515906754,-0.450479823854802,0.22397477323485745,0.5275195844244833,-1.3832726553408303,0.9588220297423209,-0.47939335187888166,-0.14774548197079423,-0.4313187249825321,-0.22491878218544784,-0.4942354171138157,0.060372092026650497,-0.31074740485765967,-1.4353719952293555,-1.2279584225529798,0.5649004545300427,-0.25212891788919156,-0.5358737513853783,0.9995831980495822,-0.04882642896568215,0.9278449793522663,-0.15322899101670362,-1.2184502169716405,0.5188239499093649,0.09239948696897769,-0.03142209883351176,-0.0022576504423547036,0.22466938935282807,-0.24238669909428714,0.25884712312839386,-0.28885295873270433,1.05782953275106,0.8212252615622764,-0.8789321889700211,0.487985759766015,0.6979431881515987,1.04116310232443,0.5632246942056476,-0.46353106118836845,-0.3987209893319209,0.12970957415032844,0.1803896692141605,-0.21427768839514508,-0.33695091250578807,-0.13643354798877189,0.2436906410359435,1.2681410495820264,-0.25966717171139686,-0.4750702653823526,0.33020153349166703,-0.754531803479856,-1.0874730099880467,-0.7641384194258767,-0.36299084695665235,0.1659868775759615,0.6433528607845734,-1.517499715398666,-0.31667047852407476,0.5252043254143697,0.7358639917726597,1.2862929781217518,1.3755444397830803,-0.2795123335702659,0.911508196581035,0.2303604816843018,-0.41524098578263674,-0.6826358837594751,-0.20968794292551748,0.011109744072614496,0.6657295004826191,0.674237442062254,-0.5868729838212605,0.3967866891146514,-0.2887254563502358,-0.19859888735991044,0.8064244679531882,-0.8641718550762187,-0.9425671560133694,-0.16203011157011044,-0.47702331652159446,0.8746790523309417,0.05737882258669832,-0.36751167774074206,-0.5957689695872616,0.4794108649384854,-0.5008588599408257,-0.38858736131146815,0.7545183117808194,-0.2839644353158899,0.41933807589568195,0.27060434384909265,0.6487642788656446,1.0442134154090068,0.4849757567300395,1.290451983212445,0.3628988034440533,0.1046563106802377,0.0984374093581046,0.6021943119182056,0.9923475437322531,-0.5238139288805451,0.3651394508112363,-0.3353329300561161,0.15973409903976385,0.23223815369449813,-0.06166792343063881,0.22760795020464358,0.23995359678221956,-0.69914815433441,-0.3949773817016989,-0.04650782469699252,0.19435356598470124,-0.37745108017024925,-0.10460346726052219,-0.7519554661106799,-1.3267371196770845,-0.00803205890833513,0.045783961411723834,-0.4661128195262966,-0.9652116328099978,0.11886722271996977,-0.7838783866094027,0.39027547879942776,1.1181479124306661,0.26635600306837465,1.3250956848128215,-0.04812078482082082,-0.3360018620006423,0.005632135749331621,-0.8804506029221448,-0.5250580472674667,-1.0487672125232206,-0.791964307198938,-0.4837007196116022,0.5802492627853727,-0.007062918959124476,0.2179969788540899,0.25731314300827046,-0.9280939904104328,-0.4283259461665588,0.3957857398404251,1.2257085554679323,0.9260039445001689,-0.5438563181156276,0.7147817844345659,0.8150115462644469,-0.30445655488157214,0.5041826696727302,-0.2902754871376471,0.3906733662860087,-0.6263346646490978,1.4480797298917325,0.5714491644593584,-0.7147612054835303,0.2585822296888421,-0.36489963730302544,0.3025512530719667,0.03618437370928428,-0.25178693082983733,0.5526793253746697,0.8678959350210149,-0.5221977253503103,-0.21398679583628272,-0.5805545626697403,0.2594820392907558,-0.189213306166825,-0.33127272330593305,-0.5449217588877153,-0.328630449974945,0.5749292857351308,0.3508790616899385,0.726949778499211,-0.3090852781213032,1.4584661333776807,-0.39809027319805107,-0.7451830593443443,-0.40976982661206335,0.06268345315737077,-0.23350169409917332,-0.7051501801045222,0.4890421497633371,-0.5128998458934487,-0.6749366030296049,-0.1771099664885023,0.09621450870741274,0.2657986447224396,-0.7392423649180611,-0.2049027774180665,1.6852050143808306,0.10940427683567994,0.5098215151517735,1.0745748378851605,-0.5456509959675205,0.008845285261476765,0.02034549791996401,1.0262104801555718,0.5521244323347467,-0.6042400818170923,0.19483000893515026,-0.16407794256525055,-0.46584032133359715,0.0515367581443081,-0.8236111111781556,-0.6299867012905123,0.7382219229938908,0.21509155729984614,-1.0778593685305549,-0.024792791994710826,-0.4214280523964089,0.6736329589583939,0.9309084853517856,-0.3242470294378814,0.7675220648941862,-0.3380540899970188,0.023569256815457768,0.6446142193645323,0.5259421284174526,0.677677384549911,0.2658468775127766,0.6203195619289547,0.8522403865965512,0.3015001151524637,0.7615653595436455,-0.5830463630709106,0.1079538259204819,-0.28160303630469485,-0.5853986179024216,1.3591929623219094,0.015426739704282655,0.8188963771561482,-0.23893145117982853,0.02530459449045271,0.17281031492810509,-0.18736298332864776,-0.19882919460309934,0.6156333007414013,-0.42472815982601714,0.20277604980079011,-0.39431318858599246,-0.10954645218757707,-1.8814724125542766,-0.24739438918561954,-0.3126167101040294,0.6862710440935987,-0.5280159300480088,0.21482054535382258,0.26544966324422425,0.18572749998457605,0.11654039914469173,-0.41967196472334534,-0.7889924739676105,-0.6210541300144105,-0.47673180091812845,0.029746867207933254,-1.0119638425069741,-0.2284580145746994,-0.10054135952674023,1.5582844487284218,1.3981401475643749,-0.18111595725055804,0.886296382275764,-0.5653354371904331,0.1316373789504074,-0.6534391921576532,0.23607626516355174,-0.930499602700751,0.5427824284559706,0.4723985044667132,0.6676205257890776,0.34610859225115675,-0.16772152552569755,0.15883417922281146,-0.23569408427523914,-0.1197114345804604,0.07268732912353427,0.1575928565429711,-0.637732022309525,0.2666346400277469,-0.3759046656445624,0.23194890784567052,0.7258142469650949,0.11452760160771981,-0.11615102170688318,0.1874765981531913,-0.09385987123225399,-0.30602098123398924,-0.46594610055428903,-0.5245935714902816,0.09859455643757366,-0.35975538257408346,0.7132380787446154,-0.8697674855402244,-0.02406550930019268,0.2019405541698938,-0.31670654217667726,-0.5251417160427376,-1.7803892420453582,0.6906727442584625,-0.5104247505191362,0.8811734060275752,-0.48521183875313684,-0.537842719151451,-0.8804315889162031,0.18425111843665537,0.4154746227317065,1.2097015287025856,0.6985790479407835,0.16076731248688003,0.5254898604708557,0.2911871130969685,-0.2265347531092147,1.0347462593741605,-0.7167475719868763,1.1492501149521592,0.30866819281755675,-0.32511318210961804,0.7363834391103866,0.2540052113778216,-0.19127733781777415,-0.14421552821856795,0.28884527184436165,0.11576555254420909,-0.22998798429024714,-0.34542158474121293,0.7142102748918039,-0.8115901142627479,0.36548051431089024,-0.2924700485311713,-0.8595553283751007,-0.0898958284105251,0.389482537503035,-0.508549082613952,0.7379242058522053,-0.17412076423612816,0.5613478225902246,-0.10683965460867903,0.14647955342051272,0.27156366369241086,-0.8155517403503757,-1.1641981372012324,0.1624167635377514,0.466082582384251,-0.2364036234738301,0.1388212565775243,-0.041767232074078196,-0.009583470246820325,0.634051054833403,1.1418885552038587,-0.6856067296905196,0.16175015558263364,0.5079377227974161,0.8753524368805473,1.0813516214904493,-0.23261968004943986,-0.5127432023079366,-1.3055004104061887,1.125070474176879,