{"v":1,"inputs":13,"outputs":17,"arch":{"hiddens":[24,8],"bias":true,"activation":"TANH"},"weights":[-0.8807593205084439,-0.017976480588797535,-0.04249567729938081,-0.11538662911302144,0.5946070710882257,1.299802571075489,-0.40780449802017027,0.02389570906754316,-0.6102426545372941,-0.47552644918142095,0.5815084102163062,0.13450101665868705,1.3481559847815001,0.3563573545287888,-0.09341908245577733,-1.3205806726546474,0.4757850702645394,-0.13403088086651938,-0.16139881450213153,0.8009741797576717,0.12618763033807753,-0.202719185227235,-0.30462475933909583,0.722489581929476,0.34249582089914693,-0.6565018695311281,-0.097671081377744,-1.1269873615210493,0.9490825258832463,0.16174125157099634,0.5744184799323906,0.3611871778967283,-0.26633155416398496,0.37752127983552836,-0.4601912828750389,-0.4484828574677228,0.3654046025452499,-0.3480062275689389,0.8843736992840101,0.08014741817460551,-0.13714460854781518,-1.099175629538846,-1.092455488437926,-0.1106452058998258,-0.2461714518590707,0.010378530376387682,-0.9569721455471926,0.046434189181574714,0.28784150994770125,0.5679463688343254,0.9169703366085943,0.8587898195169856,-0.557361626715814,-0.017058660110669116,-0.9598402486280346,1.134971069928235,0.05360934187865474,0.9374756537898526,0.3954997371067379,-0.15410624366241668,-0.11971296270640454,-0.16274569741633912,-2.008515533279997,0.5297139400695468,-1.0638760533697975,-0.5516588857447311,-0.4321815693730476,-0.4011476532399407,0.34803569518882055,-0.2149376807619668,-0.08938060349161911,-0.8345713060853213,0.8999012051746146,0.4253644164637842,-0.8048526007693245,-0.2946406746331285,0.04145329759007277,0.9191800046515378,-1.007189437023008,-0.3829152543260176,-0.349254856645412,0.8027702649285886,-0.08840415207151592,0.6350292311995511,0.2689164998980056,0.45783617077517963,0.7175658290719532,-0.32348659393974255,-0.9600987315923349,-0.8101351134633719,-0.297820202356709,-0.37086854068490666,0.29485668136718757,1.3485236512755034,0.8735189397087604,-0.04429384715515151,-0.5129402702259174,0.3934990304725241,0.41271132342994304,0.9164806299426251,0.494286730701798,-0.6299054467717496,1.4889683580347413,-0.07916077205188048,0.29547632036953664,-0.20812761732801222,0.16585995304268364,-0.32823773928321,0.599478158374283,-0.4615505288395621,0.3285755183107447,0.0005604759741684198,-0.385353472389015,1.770403601648984,0.08751845968407561,-0.3819376626473118,-0.37874723100758556,-0.317308948928366,0.16718382371199364,-0.17036843320743913,0.2387518444985829,0.024119659754166384,0.42832754184123867,0.5592805387417616,0.23276249463708262,-0.7009265491531028,0.7123602640782808,-0.18599164793779224,-0.24138028076216994,-0.14341115866003465,1.3329446368060016,-0.5674139875121771,-0.23039190486118266,0.9304415123094688,0.11354061678229607,0.08398917405136862,0.43007790530453066,-0.22051050058406568,-0.08631462023444038,0.23599581767824562,0.34525354336962283,0.42696968073643765,0.1830122567789212,-0.1715202009294901,0.4624845472651796,-0.2482784361605919,0.562184431143186,0.5606480592794747,0.22959222403091192,-0.8545503787058716,0.09723422806961497,-1.1513900789972795,-0.9242795443553293,-0.5132299804992716,0.010404322602272392,0.1816516498690043,-0.07750682772036648,-0.5538213385947597,-0.6387774843115139,0.6897707841044883,0.3038320463195527,-0.06840202085754277,0.06597695434380095,0.4666959636167315,0.5105067786285398,-1.0384269824957157,-0.9284186754152569,-0.6839981922052427,-0.4948855954256033,-0.032315940739123875,1.5967283939007912,0.30825959722229,0.6434780949196893,0.7252605467314547,0.5654996097755548,0.22880444649134593,1.3780007386763606,-0.34452610108536885,0.3423457937164653,0.21986136837842807,0.8107812954838574,0.7424688398475908,-0.08420678893362665,0.2826171253862378,0.4738578515866865,0.18957104428413,0.8769855713890922,0.5538774745760564,-0.17636507343198754,-0.3791092229826602,-1.4822101560684289,0.29010128934663926,0.6254172832588069,-0.595667871220747,-0.22897578136300867,0.006184637008835147,0.4375822942210382,-0.22774617242723494,-0.3381029976211543,-0.27682937158041104,-0.4511012880397486,-0.21592105587286523,-1.38427475067131,-0.6814588482098861,1.7060022547653717,0.02541614144434415,0.38797526400979787,-0.7915441918080574,-0.12212934938034851,-0.6182759177430459,-0.3734314744364702,0.7565861634049595,0.9917038645017681,1.1172025836351005,0.5733207908389928,-0.4995675600197314,1.0974550399805605,-0.0634814409684997,-1.331091993315496,-0.354686461959166,0.07827926406528918,0.8948702939400094,0.8761329563515414,0.41755214568039734,-0.30130878185698706,0.5849469320432402,-0.3263248576486855,-0.36848471220528584,0.2041761455122821,-0.7246364314567105,-0.6955777653304402,-0.6021376787437436,-1.31190691905293,0.2201934194861248,-0.37120732747806867,0.355879465769741,-0.813771364354705,0.2243570227393407,1.0518545150483989,-0.11524185307183334,0.3521126274258381,1.0782104203616567,-0.2687790388428138,-0.08068854899416794,0.3301229403588216,0.7091514484866467,0.3173600481786022,-0.29019053590940574,-0.3531651308682795,-0.3767630151684591,-0.19745005968703372,0.6434778456488829,0.24524974150538867,0.5403152409344828,-0.8527083832567559,0.1898980425764504,0.20673235009469637,0.5282704020347757,-0.48860127122692465,0.09771354184692088,-0.1785964641304356,-0.5800767142685757,-0.3069442848878916,0.21207854411983476,1.0262042983403024,1.5017195157817789,0.19155177451928224,0.24887247033255047,-0.020014276213158096,0.10906296256717013,0.03689891807891682,-0.12314189586311987,1.3175666590943291,-1.1397006936553806,-0.9580598773251147,-1.002010803083985,0.426468912682981,-0.7769005338663311,0.5041195505710555,-0.25338648637151284,-0.11462642108576998,0.08956353317980724,0.4827657901147484,-0.7923533802216652,-0.5509482798350186,0.04947802745893384,-0.3594890561166966,0.09200148835752264,0.2783351415012977,1.3971920959197894,0.6101397708161315,0.6528059235793506,-0.5399417638914262,0.6113037589066852,0.09927873124255565,-0.939438262057601,0.15776813274320806,0.4591674982281293,-0.9821894328392647,0.026099029976373124,-0.8254241479041734,1.3892918221176156,0.30953110510233633,0.03849865406458958,-0.008140215859294798,0.47865967238749135,-1.1573791382721528,-0.14016549426556976,-0.17548303814368835,-0.03492613533851017,-0.010418611464887201,0.785331581780387,-0.730861845044549,-0.20305985388414863,0.5314308254808083,-0.8130470958686216,0.2506952023721948,-0.33929630827035756,-0.0008830044988749017,0.5092205075431941,0.023835295830180844,-0.06550445930269792,-0.6396461828650257,-1.3385394967395203,0.27769996199427993,0.8641754187115772,0.2875262063363438,0.04787294745789155,-1.2737107625695734,-0.1816749270410511,0.003102006017513397,0.29352126814166507,-0.021378406051224024,0.8641048169290921,0.18088971225359649,-0.029537383742354702,0.5734386914049981,0.21936100450330556,0.04493696903092746,1.0026298675890564,0.3941996249499703,-0.5463424766747846,-1.398245076823234,0.3075507446361325,0.7683781383701642,-0.3018000066786905,0.7420778439520428,-0.257442307606856,0.01225143929715184,0.20113605133050408,-0.18042894605504645,-0.40689205893946695,-1.330798689821487,-0.22080931165933174,-0.48511466251109897,0.1717273420328065,-0.03428063821215116,1.6611238287363124,0.12698306064062231,0.3246185388416384,-1.3473437422027632,0.5180633845879538,0.14055902277104035,-1.0600019210987721,0.869868602567281,-1.2173746499708686,-0.5377327995509368,0.17873162753103866,0.04928863973957142,0.16117472264152208,-0.2811097438204123,-0.499336651821349,0.3034639342375566,0.06897831414382884,0.14988636237309613,0.36514664220832155,0.4672250567037421,-1.1850901765153663,0.45879443212759985,-0.7904903400089385,0.46156361381261646,-0.4137967723680088,0.5933474785203043,-0.9072437784738182,0.00611627474649018,1.180678908323714,0.9146306591600197,0.014334961220859749,0.5424911658941145,-0.1776858883639019,0.2747796041037849,0.05166158090132093,0.08009939730800118,0.43716403923101005,-0.21636540164747603,0.5962258836044186,0.20566458004192745,0.44152152324237187,0.3320437829646546,