{"v":1,"inputs":13,"outputs":17,"arch":{"hiddens":[24,4],"bias":true,"activation":"TANH"},"weights":[0.178737153894332,0.21156603739562152,1.0842609787945572,-0.661533157682984,0.5332083678468352,0.5220609681419107,0.15096568922225026,0.00426071841331882,-0.7847302806523437,0.20588981529565023,-0.20131071281326895,0.12703760961243454,0.40257243022422506,-1.3802335069920078,0.6268625768541825,-0.10077288365425856,0.12062040060870789,-0.479711617225134,-0.007929825281365654,-0.21329274184860747,-0.2589045726566059,-0.17876148229736927,0.4444023627039861,-0.4282814774375772,-0.2778663483513347,-0.2660948707846756,0.39050233977233184,0.8792753131174808,0.6946394770318998,-0.27841294573498526,-0.2507701052300876,-0.7716232369326463,-0.7032881046373683,0.33409993183509484,0.11451408079380261,0.3909516386545343,0.049598549890735255,0.2759169890352517,-0.730440051481803,-0.03881077336062226,0.43381547703366596,-0.804441326610501,-0.6059261080897239,0.5566227793051228,-0.2699194272497906,-0.21869632695267827,-0.7821924372320128,0.5703751186213447,0.4950431980834375,-0.1023466051082925,-0.9233819085023258,-1.0815907010508519,1.07490467791649,0.20568788779984318,1.2593537568978255,-0.5681926593697828,1.312591651458977,0.5504360366163833,-0.046274877512137824,-0.7425626324583499,-0.4429777478709575,-0.2455636070465026,-0.1975152732801719,0.13940223993455597,-0.1957482009038769,0.04331741012906951,-1.1639375237826244,0.15390649681147625,0.3578973388108871,-0.05861419362543613,-0.48292495220803067,0.35446033543791516,0.8247212396081909,-0.8211289170367957,0.2679873849349642,0.0018860041351898553,0.4316018471999802,0.25225385158008984,0.4735875397986853,0.7622876311911307,-0.5404445805142176,-1.1169565739857008,1.3426260501273324,-0.29200003425457677,0.8460334334195329,-0.3144984941511518,1.0276189799602133,0.8739662845554728,-0.5265164938065162,-0.25086216094137975,-0.688830986422929,-1.1793243478487279,0.8367340736318731,-0.2827819139059924,-0.8423598858709849,0.19992123311287005,-0.39263010952705946,0.9195727834639673,0.6474784051723088,-1.0831687391906009,-0.1298367524869827,-0.5476013011592539,-0.31760963673088566,0.27646226611556546,0.8041465673234905,-0.10077582360929391,-0.3484694812981713,-0.23822493862664837,-0.07974771257462916,-0.2310789865032886,0.6997938164420885,0.5947260330612668,-0.3303812452256286,0.5810157650642372,-0.824877725470156,-0.6504010820461165,0.10330514880992461,0.7442062744784915,-0.106507192332235,0.3123653836846687,0.5209473170603773,0.3471156675796854,0.1729935534180122,-0.9615180249319757,0.6454374062298506,-0.2920021340317678,-0.4385422214572709,-0.229502010877989,-0.7895842462593559,-1.4980874910768005,0.9783380860433759,0.3056495840555026,-1.1949033552939454,0.15672532011277499,-0.9450397451385816,0.525231494809279,0.4446389919349976,0.11155831257837177,0.1102607290498069,-0.35454939196725155,-0.6837305269499191,0.02035602867389419,-0.7499872221544924,0.4670056803356398,0.3150503573035726,0.4786655984487187,-0.24812678440316907,-0.6711032846978792,0.9613550804440122,0.3715077605741497,0.6339363222401554,0.6227154586276514,0.14726376236652247,-0.3218484527416009,-0.8622849468786865,0.3563084158405212,-0.052310215742202314,0.9380394152547948,0.40023536457919867,-0.6039203012147764,0.435360836048123,-0.043910916439481966,0.7271675177776308,-0.4048220995203504,0.6872282282458565,-0.8845247742162412,-0.12334113923672474,-0.0870722671153813,0.25252937118213353,0.3131428805797181,0.10974106886926126,-0.19850180066024373,0.7897228688651564,-0.004425493454723656,-0.2899191606904873,-0.49543280219697716,-0.29711146162199137,-0.6036405799624444,0.8269693946449804,0.0016088149928099888,0.8523803794017734,-0.2578650721330736,-0.03371385498644446,0.13627013171623598,-0.4000455065709536,-0.7651281868025247,-0.1933524829113815,0.5006087780154307,-0.6392022096866944,-0.14213538754966534,0.3416364511740869,-1.3228051034545507,0.027830919097410648,0.1733475254417145,-1.3306301705628554,0.10812598502631583,0.30763652099233024,-0.40978557476771976,0.14255295410138413,0.03403063182528616,1.4060223505682352,0.24352013572586062,-0.05813943351646156,-2.740678848903796,-0.05869204852219838,0.37811065007820566,-0.8613465733364254,0.8201865014174482,0.5263257946885589,0.3047946510901455,-0.11851869502129964,0.38111451109420463,-1.1206882743819382,0.35442940372368137,-0.5222528717061906,-0.5679817728377986,0.6709346495688704,0.1022812103205984,0.2224265459625004,0.4194001869760137,0.8604815267483747,-0.6563533288976365,-0.5649831430452956,0.2502989135028282,-0.7593687583738715,0.22462474833185656,0.020506579214243835,0.617408920145376,1.0534056297712209,0.00370333730239237,0.03850304666916707,-0.2786417420456702,0.9024291314888334,1.209923821070694,0.11509874006972193,0.46552306907798213,0.37163289369487834,0.5063367791565978,-0.34130847448013185,-0.26564420712928016,-0.51471452980956,-1.3710775135799416,-0.8469114251435861,-0.3753901814373271,0.7171174365906818,0.9834249297400097,-1.0774113640589733,1.2998858838638498,0.19892008220343985,0.9275046092979767,-0.0013758871153136028,0.005117584075236492,0.1354129173672145,0.1630188388429903,0.2641880016648136,0.1970340570437429,0.18798259329820632,-0.5328151068934884,-0.4304649767458935,0.27219071495211045,0.7343265371516012,0.5896831908974374,0.8388162565899078,0.2885570026918889,0.40885236570575806,-0.8715250999745342,-0.4928612875384513,-0.1382777972815493,0.04601219381183595,-0.3438085365031858,0.17582681208218587,-0.6777607030377342,-0.5015481274501953,0.45184241940457703,-0.09083393642611907,0.43575532105054693,-0.7405059128534786,0.4696773749439651,-0.43158026662228305,-0.5306176289800607,0.434367391898844,-0.4029301150276443,0.040147339509778654,-0.36974077958912077,0.6575733201404972,-0.013932494964070168,-0.6499769623530455,0.8420623109997741,0.6312475676218793,0.28278387837794233,-0.466813387470297,0.473723050126057,-0.34632040711032636,0.6811384963585776,-0.557616526686106,0.05388931638467709,-1.0688164829755904,0.29351797002996854,1.9715438803139118,-0.221599007579263,-0.27787184460442643,0.18807810272467035,0.3807073613973331,-0.870865581332733,0.31498706068690546,-0.14474232816379365,-0.8771808593509894,-0.5476785169565911,0.9455243119451061,-0.24576039163897195,-0.36727637649878564,-0.008524985242787952,0.025370524182864094,0.35007045727540165,0.4876907698741997,-0.7356479969844104,-0.3029464857175762,-0.7512598155802565,0.7438307689589667,-0.018710928428914978,0.8153183659136728,0.702341606040888,0.5115405866026758,-0.629200016491924,-1.3648764908582927,0.8485349332683543,-0.28031895482191893,0.8103353157326519,0.10651817286365395,0.27116688773632774,-0.5349320362652746,-0.18212941039707176,-0.4629341883010773,-0.2655509709474311,0.18902661646292307,-0.19439927273791596,-0.06856227517836905,-0.1550542607868546,-0.4900680736525787,-0.25581874461900483,-0.6188325538792193,-0.9940476928226605,0.5862333648127568,1.2078489529057,-0.6732595291107406,0.5079255532562515,-0.2523860845682278,-0.12922428447756906,-0.13558631941682908,-0.09712745615320649,-0.846732814613119,-0.1414129985204179,-0.7387635326152808,0.3248156015941817,-0.4806229849939683,0.37139171415583994,0.39199380286826885,-0.571565719291182,-0.5054168835365368,-0.0012322238241131867,0.06889864173587448,-0.5338706544177012,-0.6320488732088442,0.22137076025516172,0.16222254950288661,0.2554284473888241,0.6540073433482946,0.1946101771715101,-0.6016973488430969,0.9882231056555184,-0.12111719562444061,0.4084661992228222,-1.0268153908882054,0.2514247938573081,0.7292477928161089,0.16796881978304692,0.5315660261046191,-0.9436429292861241,-0.083670986412292,-0.008198722801496942,-0.11105232189370534,1.106980532516426,0.29871151059430384,0.6648145297393334,0.031089377222525832,0.10831032659820104,0.1165696937143203,-0.40638924703303847,-0.0746321834296858,-0.8351116743545415,0.6647040636288398,-0.5048792184266019,-0.42087031697519245,0.21612332609880042,-0.790699477214197,-0.1892053401481808,0.32896494022192974,0.5543039311253675,