{"v":1,"inputs":13,"outputs":17,"arch":{"hiddens":[32,8],"bias":true,"activation":"TANH"},"weights":[-0.0962590055201084,1.6009341586754975,-0.7706889921247723,-0.6040868191091502,-0.13656218252379843,-0.04211383609446991,0.4006100765684631,0.13102017763819573,0.020856007973313904,0.7794805018935675,0.08479883596181459,-0.21669977286760703,1.0486341578716267,-0.8376447200415573,-1.2093770843383116,-0.29810927326973097,0.5275491044741757,0.4032403791020962,-0.2879228405932947,0.8351146386705804,-0.030594464615708555,0.8743171291421391,0.7055344502850668,-0.8640036772855145,-0.44259339179028223,0.03019066568283788,-0.7887278068147443,0.19964395597235485,-0.20001492961263892,-0.4562431692303566,0.4156299869555059,-0.13541909481479206,-0.17310098679721056,0.554967366580557,0.4014988016532486,0.24286232911365463,-0.13005823848106188,0.8465898079240193,0.5262185969773551,0.5082570243473269,-0.7507104530009656,-0.590482141953816,-0.5969466386008361,1.4480884479288783,0.08685646365733682,-0.20419984785972872,0.21418440887606924,0.11341056362264372,1.070552433303667,0.4289431514794598,-0.5580763050487423,-1.2045221756288522,0.05041426138580796,0.14224261666504398,0.13313399679928548,-0.7677020367440179,0.011950848106964135,-0.2449342553735489,-0.064632024373469,-0.4423979842213187,0.9055324533744524,-0.20024044920628192,0.05752971554632719,-0.776131648564027,-0.17163473823019781,-0.27128245645035143,0.41428262286137624,-0.7920122262261887,0.13563438097611757,0.3784715550072579,-0.008552620445316017,0.41750331139352437,-0.051698520096070795,-0.03221062458888452,0.4627654561117157,-0.4440689799463257,-1.4353328030124355,0.33373657477639185,-0.7077317723488135,-0.8539773792106851,0.5443013150090966,0.7331081314022809,0.5646854162621603,1.0326403287378039,0.9315177112163593,0.17175789629672966,0.24754631773761906,0.42893345647248926,-1.1970115765073546,0.3171086776011446,-0.29210938841010003,-0.0515798431326171,0.08422512340781534,-0.9367304666855032,0.12197744448906081,-0.8000511456852943,0.03740723530814715,0.2575338587576099,-0.032768813171642555,-0.25852356320094316,0.2777002164382963,0.6519524837952707,-0.31846736155771876,0.5595262184649704,-0.9345006696664249,0.2713971823896019,-0.7961106596992228,0.27067447429716884,0.34525717686298496,-0.59872377903668,0.49723161667581867,-0.5561205340427933,-0.6873504690200325,-0.06236467598941558,0.08718306175042154,0.3532386086360104,-0.36347400727260404,-0.041836878553885876,0.6338950479848754,-0.43579510947525085,-0.7427379480946085,1.4366807800988064,-0.6206391045899319,0.10781537633264612,0.08050786911837107,0.7588167614152984,-0.3087804898283545,-0.3063116648280727,-0.05180302647454707,0.1672925977354988,-0.22202622070682582,0.15617151822881345,0.19856892481391678,-0.06315506550802183,-1.213432620882179,0.8932958912480748,0.44394794202103743,0.8308115831317198,0.11058537994085456,-0.3652805500867204,-0.14477348143563573,0.562773913281706,0.729369163079699,-0.5098223898489912,-0.1828029291419076,0.14143356330745296,-0.4886240917477239,-0.2740344194824783,1.1467600840797785,0.24404683766306068,-0.05399968353934376,0.5837100744014424,0.3848973341887205,0.14686628959046544,-0.45039190009691377,0.6213454767501153,0.6346437993124024,-0.19426379042209424,0.146664944670364,-0.05483141176052875,-0.6720877546723665,-0.3326830912675402,-0.5090346211145476,0.046209219803406774,2.0442258833917366,-0.36923188120725176,0.8384582519088547,0.8322880838993457,-0.598490917684712,-0.3619201896690918,-0.3906924895798032,0.3901691572029671,-0.7052937827439825,0.2874211206919476,0.7784551576705623,-0.6317239386390645,-0.46003711139782855,-0.9074891596037691,0.8945422012077129,-0.6925450709081321,1.067723933233067,0.033820879356892104,-0.7228175209486328,0.13776561396681464,-0.4245297398176402,1.4235461563006813,-0.6118259535928957,0.5757071356823339,0.29972495796375515,-0.1959867046572327,0.16839656468689612,-0.5833827537161561,-0.5840594466878815,0.014318868399456897,0.24252429232701989,-0.4420561419189774,0.17862517180360693,0.03774158710108215,-0.3339635278349915,-0.7062964067248674,0.6861025576236053,-0.00020535733524089383,-0.913609551970369,0.6837017566805509,-0.04298702868242001,0.2315769009719092,-0.9051229512901522,-1.0604534539700297,-0.13189501338655102,0.2512173127447103,0.27870900305535395,0.4989945538826782,0.0880252548255057,-0.8509413519823582,0.5454421478621063,0.45209808649843675,-0.4420960065120008,-0.3557747658202575,-0.4651371019258507,0.025687500884707642,0.3980580230850478,-1.304317347057465,0.4260722220271296,-0.42686558215679815,-0.5633067514972953,0.3878837283286507,0.6941398667133035,0.41428611176824837,-0.11493513177708775,-0.3162685991275641,0.3727088056115165,-0.4251269334419089,0.16493840036386156,0.9985136854058234,-0.5334873248235962,-0.6043932047035901,-0.26965069268294745,-0.9276181076647303,0.8290822275185404,0.3167784879181003,0.29402272376497374,1.2211307760558405,0.5086080586918597,-0.3744126205987847,-1.8177604035779404,-0.9425841369715795,-0.38046210311678585,-0.4365961105175462,-0.64648330835848,0.007249029968448381,-0.08070980078192688,0.20087294518413745,0.8380502200618666,0.40897235891094846,-1.0386898664073807,-0.16116443614528048,-1.2394609520368618,-0.24484974472246335,0.22457231772360786,-0.49101365493559224,-0.009625766660870783,-0.4842346395807001,-0.3108957825851707,0.6649328479015997,0.853792974689173,0.6526603563862109,1.0140460155160305,-0.5714873758802472,0.41276672242042434,0.027629896041172556,-1.0425334296769657,-0.1227994756228074,-0.12896692818281172,0.5708018430006309,-0.8373336353795487,0.07584311954240823,-0.02580937414246265,0.46079028401692784,-0.2890599900269207,-0.39070512042038447,-0.8530397952957833,0.2310565130824827,0.4140217829400273,-0.217090194381413,-0.22944630583890888,0.15293854878656787,0.03758178685543902,-0.729054540217837,0.04769929822975982,-0.027379240360389356,-0.21335405181278308,-0.7005379119323645,0.333398089933062,0.40819817658631924,-0.10519673971371839,0.0468462092611613,-1.0042579789928185,0.34502690379804485,0.6215561956742225,0.8921714109614155,-0.40596444287321604,0.4234169689402899,-0.6681464609936243,-0.5437089971615273,1.496143395273443,0.09594599529607031,0.22834052220186818,0.19036813369390693,0.5861599283048503,-0.786297810183229,-0.5404832195076041,-1.1889889759252665,0.3923167894108329,0.26824977500630265,-0.2975551422456276,-0.730079943835407,-0.3669110170422225,-1.053475342875308,-0.7683441788280029,-0.9649352798009192,0.2250966466851042,0.35429594309798423,0.6570095086894581,-0.02442316749808954,-0.21494792830089107,-0.5594835780749573,-0.340233985856507,-0.8752291068224909,0.47250746555731343,-0.5614456319234351,-0.40302318482573457,-0.3496895621055971,-0.32716248164078887,-0.45511498774450115,-0.4798911991844476,-0.740463482756048,-0.9584636481433372,0.4935598619848894,-0.8306355398962514,0.8552801905586878,-0.05580651835340315,0.35778711656330386,0.8843294808913377,-0.24084662468024365,0.07622170232481605,0.2128899137917823,-0.1570124961511178,-1.3075015702398045,0.7000496149241345,0.07234920221558401,0.11688838689407743,-0.9738100581557082,0.5571013768668741,-0.31554233592989933,0.17073946644905005,-0.8839932471563128,-0.3162443256756662,-0.10401930612347948,0.703596862146348,0.9093471771936347,0.4731731525410502,0.7934370917884491,-0.169344156117838,-0.5328228105669068,0.30114044863858724,-0.4277824644705357,0.7669633380678533,0.37700440041965944,-0.1247475806676294,-0.9288303372862725,-0.8531069051373993,0.48666959215512445,0.9192139560921588,-0.6130174311946048,0.21355914561114892,-0.523646443094143,-0.32007145244165164,0.3946680392360652,-0.95686397172039,-0.5628340455533023,-0.5220736143077724,0.45719600876599065,-0.254462373887957,0.45652494422805223,-0.36205268908302524,-0.5729993208302816,-0.19424732555795454,-0.29555153175326,0.3544325511683532,0.7735642826271495,0.14901759007226775,-0.5703536044272961,0.23252309059411524,-0.8000219992868176,-0.293541328853002,0.37256388943813157,-0.8918430109621029,