{"v":1,"inputs":13,"outputs":17,"arch":{"hiddens":[32,4],"bias":true,"activation":"TANH"},"weights":[0.35601673711542237,-0.579568662933415,0.08341338743683159,-0.03574731100799886,0.03786702309159001,-0.5709414411294058,-0.03487158321143748,-0.3191480697169668,0.7394832648152377,-1.2644904716492797,0.10311959366474063,1.3252493589828889,-0.12434745922177436,0.2718310747578302,-0.1605135678366651,-1.8680610322435263,-0.1675621348658953,-0.16394567171134533,0.6391509094605128,-0.5700066466883861,-0.7326780956213855,-0.241542505921448,-0.6881781927037608,0.3946767411074159,-0.6175994887247175,-1.0098559973517196,0.7079300486430479,0.21657388424451368,-0.5004008909744531,-0.2004894112906359,0.1649288382524591,-0.39818167448506797,-0.07152436389242821,0.11705526768304902,0.29140989378634063,0.6591622229728449,0.4221805698915321,-1.1163170618191567,-1.1186648413820022,0.17870726878584117,0.7395226293890604,1.0872775627747258,-0.6735641155884204,0.30268738424611885,0.4575797577283635,0.25856167045886963,-0.06516554526050272,-0.6257486663952528,0.4216861061014937,0.17166696501832382,-0.028899285191484794,1.0482471864247458,0.49082394522421485,0.685959258798432,-0.40921466203768186,-0.9976647304161903,0.1556765754104401,-0.0672545285544354,0.09271037201002699,0.1545826655328086,0.03245656988198092,-0.36873723540628767,-0.08935724032537633,0.14525460675085225,-0.6829256645775956,-0.07535289903926046,0.08938280891314268,-0.04526657627851327,0.7496809148923698,0.48055969205790955,0.9319063865427719,-0.11825220590901035,-0.8807593205084439,-0.017976480588797535,-0.26281909562963945,-0.4015885652279345,0.5946070710882257,1.299802571075489,-0.27513118318061264,0.02389570906754316,-0.3683347106388317,-0.47552644918142095,0.9427524762616144,0.13450101665868705,1.3481559847815001,0.3563573545287888,-0.09341908245577733,-1.1428702294108057,0.10706934483697494,-0.14786766827181394,-0.2875288194692851,0.8009741797576717,0.12618763033807753,-0.202719185227235,-0.30462475933909583,0.722489581929476,0.34249582089914693,-0.4804734067051667,-0.8208053079073031,-0.9594797858929469,0.3996690390815278,0.18026870560874067,0.4031832002950258,-0.1646745325303721,-0.26633155416398496,0.6341587913631153,-0.9355512012973172,-0.4484828574677228,0.3654046025452499,-0.3480062275689389,0.28358167487364705,0.08014741817460551,-0.657752767651011,-1.099175629538846,-1.092455488437926,-0.1106452058998258,-0.0947453088582369,-0.057206195581711014,-0.6005154936127556,0.046434189181574714,0.3114809261352261,0.5679463688343254,1.341727449857229,0.6970127908972145,0.23569432875805116,-0.017058660110669116,-0.20989056491078573,0.5677251452209369,0.05360934187865474,0.04615829629581625,-0.020051137713460888,0.2018211633645077,-0.11971296270640454,-0.16274569741633912,-1.1070868143865165,0.5297139400695468,-0.6463098358324363,-0.5516588857447311,-0.7459282228331316,-0.4931293452108653,0.34803569518882055,-0.17779264168698752,-0.08938060349161911,-0.6963373517149496,0.8999012051746146,0.45989365489395523,-0.6202479127305188,-0.27656222007616715,-0.17693463670542187,0.7250842405019099,-1.007189437023008,-0.3829152543260176,-0.3420722328335546,0.7524511399909489,-0.4099418595013318,0.5408228968531578,0.4402433870542275,0.3775673006542177,0.38005656503905777,-0.18916555910890054,-0.9600987315923349,-0.8101351134633719,-0.297820202356709,-0.37086854068490666,0.6870804498810275,1.1240417981947837,0.2786203682448145,-0.04429384715515151,-0.3923548436885251,0.5264862656601786,0.41271132342994304,0.9164806299426251,0.494286730701798,-0.8943514498777276,1.4889683580347413,-0.41373772952198673,0.29547632036953664,-0.5396062390093889,0.16585995304268364,-0.32823773928321,0.599478158374283,-0.4615505288395621,0.3285755183107447,-0.3643779612536693,-0.385353472389015,1.770403601648984,0.08751845968407561,-0.3819376626473118,0.06868113641470436,0.3797264870669883,-0.09421954675730342,-0.17036843320743913,0.6509683225998144,0.2542526504253653,0.8017012986990448,-0.10448271356730435,0.35056021365971113,-0.9969225390495333,0.630387998247437,-0.18599164793779224,-0.24138028076216994,-0.04071084435413408,1.3329446368060016,-0.7266972106615734,-0.14807833404966053,0.9304415123094688,0.28465971623742314,0.7636741454750045,0.43007790530453066,-0.22051050058406568,-0.19102197446546235,0.23599581767824562,-0.32703377373368653,0.42696968073643765,0.36836281378574226,-0.1715202009294901,0.4624845472651796,-0.2482784361605919,0.486971893046187,0.25290863326760415,-0.0001601770854778306,-0.8545503787058716,0.09723422806961497,-1.1513900789972795,-0.9242795443553293,-1.1859884811831698,-0.14480233901259387,0.1816516498690043,0.08932150978467386,-0.14072576222246233,-0.6387774843115139,0.9747778398573332,0.3038320463195527,-0.5597759445402157,0.06597695434380095,0.4666959636167315,0.5105067786285398,-1.0384269824957157,-0.9284186754152569,-0.7088131024806018,-0.18028026255875026,-0.13240037351621575,1.1667500416350383,0.13644704073462327,0.6304405783819192,0.7252605467314547,0.5654996097755548,0.22880444649134593,0.5521568896631162,-0.34452610108536885,0.07352505889491939,0.2916352294746145,0.9298974388784755,0.7424688398475908,-0.08420678893362665,0.5624561082320246,-0.07244251790978795,0.36390292141883845,1.3210122069171728,0.5538774745760564,-0.17636507343198754,-0.3316365043393466,-1.4822101560684289,0.32281906141767397,0.009127918445530958,-0.595667871220747,-0.24211637391894705,0.006184637008835147,0.4375822942210382,-0.22774617242723494,-0.3381029976211543,-0.27682937158041104,-0.2937863729710709,-0.17569139567319775,-1.1121086117634522,-0.6814588482098861,1.7060022547653717,0.02541614144434415,0.38797526400979787,-1.2379052720059323,-0.12212934938034851,-0.6182759177430459,0.7842623880938581,0.18456358212995225,0.9917038645017681,1.169363441700548,0.6961915023848353,-0.4995675600197314,1.0974550399805605,-0.0634814409684997,-0.9850493583075075,-0.08129725553747133,0.3388057475389496,0.8948702939400094,0.6445521251567845,0.41755214568039734,0.04372442522883141,0.42597769495446697,-0.3263248576486855,0.013077914140124713,-0.33538335709554623,-1.1154660653197717,-0.2637600080740509,-0.42209710083942165,-0.7112400640475743,0.3363217655775615,-0.37120732747806867,0.46862725364383306,-0.813771364354705,0.2243570227393407,1.0518545150483989,-0.11524185307183334,0.6902115980851058,1.0782104203616567,-0.2687790388428138,0.44203399889789163,1.311765004234984,0.5648665177183477,0.3173600481786022,-0.0926942835640304,-0.3531651308682795,-0.40158125664815086,0.11639043663512871,0.6434778456488829,0.24524974150538867,0.6188101257045392,-0.6320225992406575,0.1898980425764504,-0.021379994459181158,0.3860421568493491,-0.48860127122692465,-0.17880047626658427,-0.1785964641304356,-0.5800767142685757,-0.3069442848878916,0.21207854411983476,1.0262042983403024,1.148507764229647,0.19155177451928224,0.2306220330981843,-0.020014276213158096,0.10906296256717013,0.289485373438358,-0.12314189586311987,1.3175666590943291,-0.992244765008512,-0.11866540545280778,-1.002010803083985,0.5225405842013501,-0.7390605808296286,0.5041195505710555,-0.3111222967176665,0.20746584341038754,-0.10582566435389747,0.2715256747930155,-0.7923533802216652,-1.0628846695333096,-0.45538366548841736,-0.272030798015188,-0.3570330398176589,0.2783351415012977,1.3971920959197894,0.6101397708161315,0.6528059235793506,-0.33943610290002996,0.4590874689765747,-0.24796007729550426,-0.939438262057601,0.27167870296931246,0.4591674982281293,-0.9821894328392647,0.026099029976373124,-1.0123437684996013,0.7864733910119263,0.30953110510233633,0.05783745965005743,-0.008140215859294798,0.6203018931775435,-1.048116582235858,-0.14016549426556976,-0.17548303814368835,0.3168467923881935,-0.010418611464887201,0.785331581780387,-0.730861845044549,-0.29672951539460063,0.5314308254808083,-0.45226290224701715,0.02815951742009518,-0.528996421520632,-0.0008830044988749017,0.7883364804522821,0.023835295830180844,-0.06550445930269792,-0.25589078903616796,-1.3385394967395203,0.27769996199427993,