{"v":1,"inputs":13,"outputs":17,"arch":{"hiddens":[32,8],"bias":true,"activation":"TANH"},"weights":[0.3528248758554238,-0.05102928833635239,-0.013248076119449373,-0.7490737864941469,0.06789870380555767,0.7338023860701424,-0.15847762787114586,-0.5787911545303824,-0.7348953551791889,-0.21266104695843208,0.47306613243886964,0.022857899073507115,0.3939611441243779,0.7606688151552085,-0.85483499611137,0.8776061355662593,-0.6787270734795108,0.3082386424549232,-1.3263057454227214,-0.14805470224338124,-0.011631732324871922,-0.7295140911791863,-0.4685386322559768,-0.22660735657968756,0.41843494058735925,0.23670307713340155,-0.008304518908827122,-0.10775622410822519,-0.04921536663098088,0.7605433088190428,0.3402682946754734,0.7446121854595322,0.18953855297318134,-0.5964769305690536,0.542019157511348,-0.5536441960802956,-1.0168482709914453,0.6970995425540599,-0.07303729060931086,-0.022368960968973034,0.16760169705834926,1.1169073265539384,0.8478535459137105,-0.13894774020432676,-0.381168589369584,0.5643195223356118,-0.11093839759703826,0.17344379329382187,0.07521110435689445,0.6456095799789118,-0.4906309956934727,0.5484408011001198,-0.13886416811754296,0.2158939010207528,-0.4759144070900172,-0.36164359325741424,0.24717409430735404,0.020086307256959552,-0.775264114232285,0.3644890619622551,0.19922565617179863,1.0128942548663258,-0.014223246056459133,-1.204257623570344,-1.0206807601072172,-0.4886528792602878,0.11957143189230662,-0.6413010398935273,0.3278143978642352,1.1886481218638032,0.3349711248851543,-0.2335154395072911,-0.02062760627206793,-0.5601182017114863,0.5559674414394593,-0.6328367255606864,0.955394144128811,1.0259626345813238,1.3062708223635802,-0.044553232991082437,-0.173413107067893,-1.1748367491156708,0.6469457026853535,0.5344287245865175,1.213106676501159,-0.6269887127411691,-0.2103971521257184,0.2546614910546206,-0.1424698630663747,0.2570022163793424,-0.190722166963731,-0.02311153708949163,1.4055847152187444,0.2224314644489934,-0.004530937901916943,-0.6074173619395647,0.46560708061452066,0.7351458213914663,0.2700606891432109,0.0777543259604547,0.43221098178990774,0.1905095363852267,-0.39051709197935947,-0.557651385391488,-0.555078742355633,-0.14469885903864987,0.5394235253910434,0.5993817209146163,0.35415373137456607,-0.19690286861415834,-0.20726857023810988,-0.2737881582788473,-0.8037824051948299,-0.1160389006535703,0.25526723201424184,-0.5076341691973169,0.14491548114360864,0.3517657769818495,1.3009479697325983,-0.882629424130305,-0.1389988137246138,-0.6590258689635632,-0.6482050275662167,0.3963126059274067,-0.45254860658951324,-0.3655661588030523,0.02790111066722215,0.677999913240172,0.3400171833346819,0.587688741255777,-0.48486676838710613,0.8921324654253281,-0.35765142476016853,-1.0194086564294476,-0.827091880556408,-0.8979680399839085,0.020802030166868695,-0.46236119272410303,-0.48066858615596575,0.1913317907887028,0.8178219500943072,0.39701983887195147,0.052512234468623076,-1.1138851088609645,0.49758838671171424,0.015126724884668987,0.6944348817313152,0.19479533062257803,-0.4660240188403868,0.10192175596206239,-1.139392823892638,0.12032848033142435,-0.3258056170768882,-0.32796087373809935,0.30309968467902165,-0.0690648928014255,0.8266029096887477,0.14767277745734858,0.39174873189129716,-0.41191067632925554,0.20889371626780256,-1.5215597774699927,-0.45830086548715243,-0.12887672379721202,-0.4332179448428289,0.5419214188373472,-0.46555585003511857,-0.7170069739733609,-0.8784271868830746,-0.37153384335488193,-1.3047039346831228,0.28088616751779666,0.3254546873605187,-0.06573595382942682,0.13927616236009366,0.9075115469765804,0.05443610623517815,0.18944946399712004,-0.28145542672248863,0.9280210544124841,-0.47498558521285994,0.2342562634039494,-1.0045273310020773,0.25498577553418517,0.17224855418314103,0.5194073957267712,1.584700635778506,-0.5042342099789865,-0.7737694936484819,-0.23189902296458945,-0.6093225843580949,-0.6054227479927077,0.35632341910722554,-0.12315908661474406,1.0990366399446658,0.32584577034775675,0.17128182570087302,-0.43840203539128514,0.6047002769455555,0.5353044432905543,0.17125438608465998,-0.5026458192955513,0.7357209429198177,-0.8053084140563455,0.631001125274562,0.034155422638675575,-0.2724933328670007,-0.5528024962049412,0.08537049837619774,-1.2117875004239516,-0.459270213815507,-0.6410003342101471,0.1959702710315439,-0.07937517748415875,1.674862726079583,0.15739313499232338,0.1602181932010211,0.8882223370341713,0.6519665392712132,-0.8950118117274314,-0.33399591278119745,-0.6819093928283189,0.29983892298060305,-0.6851139611674287,-0.776956486915193,-0.06996016045811049,-0.5633327973274609,-0.05856409792149394,-0.41885257304794743,0.5936306771667003,-0.9755097495401124,1.733246275112005,0.26524162584531363,0.8352124790263398,-0.8084498996371878,-0.4038886582973403,0.591373474839163,-0.9149087458682289,-0.5825051950356981,-1.6323656754743516,-0.17244990170413518,0.18935686025893694,0.4785777495394962,-0.40920650967940186,-0.7021004202756166,-0.4976164080439629,-0.29190801933928723,-0.2845138421403458,0.7716049774624439,0.38539765710042195,0.40340969043127506,0.13399324931773773,-0.13305411391818875,0.6574696465675113,0.22318393045165158,-0.40065880526470204,0.08921951405528042,-0.6116171845448235,-0.1340964839840672,-0.3560162902305271,0.2605701782898048,-0.08910697446061216,0.5142613903681659,0.482709522246635,-0.8533777603925303,-0.4619530389994271,-0.8276325501288581,0.4330682813359814,0.46736824053162673,1.0458252515983146,1.157677494997579,0.023804445663917193,-0.33725073160139496,0.13104340319887703,-0.3004931460128045,-0.3886299287345269,-0.23089980162964474,0.5270663903233733,-0.05784725289439563,-0.5899635799563419,-0.38060940041883184,0.9902744530154551,-1.0971448850977523,0.09296433271655911,-0.058797291783961245,-0.15365216469016071,0.26278615894472657,-0.9536727032985813,-0.943236841768454,1.027433802863708,-0.4493256710728996,-0.3084650408643919,-0.19370749837023293,-0.8954019555324949,0.6392755776922953,-0.8621194114899406,0.20876792899207267,0.02046294050405295,-0.3692027013317955,-1.293203663467502,0.3149391019618588,0.15509211108952284,0.5329994564414728,-0.6249341178299207,0.32590911902315634,-0.5591582821422513,-0.26834793340743435,0.9674965837081542,-0.5734927185052804,0.6966043406331739,-0.009829575950711433,0.14877009278168313,-0.44009967453449605,1.6294772751637092,0.6406418080576515,-1.5230293097180292,0.5452519376919982,0.06080167143386308,0.32601914667250226,-0.09430663539241108,-0.139040840987146,0.0010127464996981153,1.0368362734307102,-0.9313182580720283,0.4875301638685454,-0.3480524808488703,-0.13838960337512837,-0.5232486004669165,-0.185108314843437,0.6562801969658218,-1.1979537920830055,-0.0535231145576117,-0.26464246775225736,0.8756485716181098,-0.1599586191597237,-0.19177013235919174,-0.3301772651161346,-1.028571713547512,0.23448327005139816,-1.5055283946928835,-1.3038087617658645,-0.02487980595495876,0.010519770263164058,-0.6675573131861863,0.9285360471978643,0.4150240812098133,-0.368425222131495,0.5510259687098864,-0.3087578323616253,-0.359157260739485,-0.1761136260013902,-0.18103517002200092,0.9382315951280128,0.6441381590615789,0.34861356134450466,-0.31523982828586833,-0.42674519614378204,-0.5042696839777545,0.5542338307197363,-0.5855158339079116,0.5704227798938556,0.21115883615204262,0.1427134091878974,-0.6955635561918789,0.6188919765630069,0.30929006352106325,-0.13512361854339378,-0.8969695255648888,-0.7270609537965227,-0.06561515234223986,-0.13017877034063097,-0.7157142167498839,-1.2981860139599892,-0.056278148378180015,0.3244111941135774,0.6220744152410009,-0.39155652138661273,0.8908960588470797,0.05523838516197248,0.11242983536427915,-0.6140946809920735,-0.9255244087282575,0.2939641000052048,0.6119017921231733,0.37066210169703506,-1.0369729199473243,-0.23880925747950016,-1.5345078783277155,0.731907793837875,0.6563803676202054,-1.3817137452079584,0.7388749177620285,0.7264156086920701,-0.45192038865609985,0.4936180634874868,-0.9944303867027665,0.07027303125007453,