{"v":1,"inputs":13,"outputs":17,"arch":{"hiddens":[4,24],"bias":true,"activation":"TANH"},"weights":[0.435360836048123,0.28355258250661647,0.7271675177776308,0.008059104285199313,0.7458262301489257,-0.8845247742162412,0.40681502186652485,0.3949702272059793,0.5241111819823011,0.06833703961736087,0.10974106886926126,-0.19850180066024373,0.8103910650700187,0.42218469624826865,0.27357812659955305,-0.2065258460499889,-0.29711146162199137,-0.6036405799624444,0.39452710438392075,0.11777954282134759,0.949329561137181,-0.039996768184829966,0.715887244830876,0.5982345732405133,-0.39191692503823966,-0.7651281868025247,-0.46493429371154904,0.3958283550884234,-0.6392022096866944,-0.14213538754966534,0.32096825496922465,-1.3228051034545507,-0.5356663681926297,0.1798754427369864,-1.3306301705628554,0.10812598502631583,0.8530958328850184,-0.44187708253690056,0.14255295410138413,-0.13344505315919375,1.175703554532027,0.24352013572586062,-0.05813943351646156,-1.9786889641409395,0.02783384697082374,0.37811065007820566,-0.3711333142107605,0.8201865014174482,0.5263257946885589,0.3047946510901455,0.2738185133805771,0.38111451109420463,-0.8073467052235889,0.36337430988740965,-0.6894695007661376,0.8777740711220395,0.6709346495688704,0.2947299765742335,0.322749537978117,0.7767050927286749,0.8604815267483747,-1.0340751595995412,-0.5649831430452956,0.2502989135028282,-1.833051285299034,0.22462474833185656,0.4251268347770167,0.617408920145376,1.0534056297712209,0.00370333730239237,-0.3063961927351943,-0.3498965752208164,0.9024291314888334,1.2566053043160754,0.29299003637833454,0.46552306907798213,0.08044908325060618,0.690766651988268,-0.34130847448013185,-0.26564420712928016,-0.51471452980956,-1.5351136197186865,-0.5711433959488647,-0.6488865512603611,0.7171174365906818,0.9834249297400097,-0.8166958588016138,1.0011551256111435,0.46792030256625383,0.8952584980419741,-0.0013758871153136028,-0.30705142075223885,0.1354129173672145,0.1630188388429903,0.2641880016648136,0.1970340570437429,0.18798259329820632,-0.4328722589493301,-0.4859141408096505,0.41453519468218253,0.7343265371516012,0.5896831908974374,0.6167058596099328,0.5081863688967916,0.40885236570575806,-0.8715250999745342,-0.21992111470122583,-0.1382777972815493,-0.0650550326389533,-0.031639531675710486,-0.08877316065338511,-0.4188321044192743,-0.2454690011207298,0.45184241940457703,-0.09083393642611907,0.31228555801448543,-1.128051239894451,0.41144426137800577,-0.43158026662228305,-0.5306176289800607,0.5883039322329472,-0.32781070086483605,-0.14460633665778572,-0.36974077958912077,0.6575733201404972,0.4215611189937291,-0.6499769623530455,1.1998795158338844,0.29699603873534985,0.02385527975948254,-0.19375971670001524,0.473723050126057,-0.34632040711032636,1.1203712343573917,-0.07602119089825955,0.3492640920264772,-0.9956836931485283,0.9587412278457155,2.109699254874639,-0.77890098786402,-0.12064265203573565,0.020442130243841016,0.3807073613973331,-0.6610155365168492,0.21132351274727207,-0.6034822849013338,-0.9310479826938829,-0.5476785169565911,-0.14350215204265382,-0.15571929711694818,-0.2034721261709927,-0.04233728966621497,-0.4562248116049823,0.615716344959874,0.4876907698741997,-0.7356479969844104,-0.3029464857175762,0.6236016081388783,1.069760461987619,-0.018710928428914978,0.8153183659136728,0.3079557704968381,0.5144318691566536,-0.629200016491924,-0.9323817124671051,0.39910113827197113,-0.28031895482191893,0.8202203036615388,-0.2615437113709552,0.06857792179161909,-0.5349320362652746,0.10701307288340917,-0.6149125109727464,0.04681952381441106,0.2901552840664631,-0.5588241931038624,-0.32816370173924,-0.15755204974833512,-0.4900680736525787,-0.25581874461900483,-0.6217238364331972,-1.4639868565275407,0.5862333648127568,1.5733677797872585,-0.6732595291107406,0.5079255532562515,-0.2523860845682278,-0.12922428447756906,-0.5536119306878273,-0.1675519693399892,-0.8612657349267905,-0.25046768426140414,-0.7387635326152808,0.6892405219601282,-0.4806229849939683,0.7146105708535188,0.39199380286826885,-0.571565719291182,-0.5054168835365368,0.2808636970508982,0.06889864173587448,-0.4499556863028767,-0.2794985138751492,-0.010236711640322527,0.7355918140383693,0.2554284473888241,0.6540073433482946,0.1946101771715101,-0.678709783268504,1.8309864154001574,-0.12111719562444061,0.4084661992228222,-1.0268153908882054,0.2514247938573081,0.6288358854242821,0.16796881978304692,0.5315660261046191,-1.3777810074751473,-0.5860084535387556,-0.008198722801496942,-0.3255330974568798,0.4957380132527546,0.29871151059430384,0.6648145297393334,-0.10138561919071513,0.20533612727570483,0.1165696937143203,-0.26887618169171507,-0.0781819443241553,-0.6524389303506845,0.6647040636288398,-0.5048792184266019,-0.42087031697519245,0.21612332609880042,-0.5536555924707828,-0.1892053401481808,0.32896494022192974,0.16344742524378414,-0.7281765309176266,-0.41625970327822515,-0.25553275024612093,-0.4758666301767084,0.27379477479577335,0.3807673340471327,-0.7421070312550007,-0.5317521658698341,0.6054151608176885,-0.10058896853491767,0.5616278632368928,-0.10813681053741497,0.012737097745475713,-0.17828729798016546,-0.4419549776069389,-0.7099429609653052,0.000539957568467031,-0.6662043227030544,0.19298446696220029,-1.187781677639477,-0.4205055536051913,1.1596128727670576,0.9816816721151538,-0.017402088180157455,-0.08559175434629555,-1.0088558573982591,0.34052620517899396,0.0616017038689472,0.8135812148456585,-0.2806099345746132,0.8590444591990447,-0.5636838469311664,-0.2230563888848723,0.09236526827569018,1.115400600164471,1.3549077836354508,-0.15849729363063833,0.03743894631917394,0.6056937669409911,-0.8808272558940488,0.04849668193658493,0.10341691468187875,0.6327577580555737,-0.44427474096485964,-0.4741612722595137,0.29665030074435433,1.4104886885837626,-0.1505032938163075,0.09729521120669553,0.11571515874361465,-1.0634649660932085,-0.9017082108335878,-0.3530115548217978,1.3184158390680876,0.971638344749247,-0.15697648755652063,-0.2850488148289915,0.40741569323700244,0.21987326745151142,0.25933880718985686,-1.0151473046910153,-0.5380102184529455,0.43058979712696394,0.24455487004487061,1.191335270521598,0.028111844038620496,-0.8091814787496872,1.0333872858002098,-0.5046975400800751,0.025792611021489456,-0.8604409708141773,-0.08127193137374765,-0.20492721601886044,-0.31232814330588166,-0.14192553043414868,-0.2800327730083334,-0.7869048694928908,-0.1942755149385564,0.6418049494561439,-0.2851324053509595,-0.2969620116843322,0.09470639431201232,-0.7034436161511302,1.2211843882426372,0.20720526040261605,0.1992893130935161,0.8815746353092239,0.5037249078349917,-0.7990445819745239,-0.08598658583463849,0.608911019365379,0.1106226255200248,1.7284697778458256,1.8835572199184667,0.29504605906862186,0.5540800797115581,-0.24138104522251536,-0.45952414854546497,1.079843722491671,-0.11134802303244414,-0.9240127210743012,0.40817289875441043,-0.16780729785651127,0.040862610226015145,0.5524777197314715,-0.2356919443396566,-0.23628997232152354,0.16455497266440838,-0.22458022070941902,0.2664355018841602,0.26167175840562557,0.4600589976730637,0.6946204784727223,0.40485438988819705,-0.6249314059934553,1.0313189195686507,-1.589510708792659,-0.49505058067162827,-0.08309510399931869,1.5002233660860709,0.9050798535231361,0.5842093191607097,-0.3861602055572585,0.38966709526740867,-0.4167142995566775,0.46908366968106086,0.2553974525056985,-0.6056763968699617,-0.6647344166497701,-0.20000504242122816,-0.6983103653835575,-0.2475326716547619,-0.6241425939090047,1.0918902456205801,0.45263545731520294,0.8362594742065895,-0.16325435761853585,-0.13990806257655827,-0.5594231117769976,0.213228569311818,0.046738131294270804,-0.8616848505662511,-0.4732512709370495,-0.5573900510669421,0.6052496547681494,-0.6087372115033618,-0.48983611857723464,-0.8038141181741321,-1.4251501136202305,-0.5286677567607827,0.42257895831683173,0.8318604656392138,-0.10557568957867533,-0.015913183141017112,0.10440784285340632,-0.20879436122931416,0.9839883816523014,0.10763558931403429,-0.7019066737816694,0.4543210084337773,