{"v":1,"inputs":13,"outputs":17,"arch":{"hiddens":[8,16],"bias":true,"activation":"TANH"},"weights":[-0.10133011811058779,0.6085185213924467,1.0711677897801062,-0.749741055952582,-0.06825659197278902,0.8999122385078445,0.4236356501134797,0.07368032102684484,0.13219374510872725,0.36851389516918237,-1.0740905610531342,-0.7836036637806155,0.916664137832909,-1.2273043950692315,1.4179079081259678,0.3583924369731344,-0.3418945746333852,-0.8868990041562324,0.36253799175339585,0.7437565233759026,0.1942211079801911,-0.7080412760598116,-0.33578955327427423,0.012156606733333804,0.9609611061261893,-0.4934417830049841,-1.0375229337793008,0.6792523343814103,-0.3674736138504587,0.5652927251420449,0.5742749023059831,0.31247385408206163,0.1340980903780894,-0.9363075975156565,0.21786056253518346,-0.19299243225250995,-0.5316010236275615,0.3497924240886444,0.7573125312339978,-0.30227821938737115,-1.2060301703678762,-0.3414220176417013,0.07788102107492408,-0.993595374500583,0.5768247645679425,-0.46341774708431244,0.2631553903213551,1.205605620529742,0.445258929583595,0.6289159778333513,-0.41940517578591563,-0.15187493604547925,-0.10715156746749684,-0.4709705752406296,0.07810755222812787,0.26695539234301646,0.042244559880349766,-0.8881658281310472,0.4753050920408672,-0.43354693015101403,-0.17664638019555057,-0.4836308807682463,0.18385557275194048,0.8731019427286193,-0.7356134387321586,-0.695958489166093,0.6613431537046615,-0.9499083070450907,-0.19190583278463363,-0.9159247903627561,-0.8725963622642736,-0.3809900934237345,-0.28804450112055263,-0.6718501798757548,-0.0030167917473551114,-0.6394800092499888,-0.2676301624740769,-0.5641932959575615,-0.4553719518602268,-1.567106958647331,0.08250715766466608,-1.0317094881221123,0.9188949584827795,0.8844492663456054,0.2963961396126526,0.30375668694167474,0.9218758286122494,1.0470625474576698,-0.6707567201476795,-0.09458364100924449,-0.2409979410631784,-0.20099274920164925,0.8732672767061691,-0.36536687046957544,-1.138334483192591,0.6506225324123988,-2.3667725630519394,0.9381150198367979,0.2897430228926676,-0.9991779625399086,0.2305495605312633,0.20535272409174551,-0.26091420895973816,-0.24147314338246686,-1.3697215730241783,0.6260347464296852,-0.13425263236796928,-0.7854951996604154,0.795649731135134,-0.6411521759334893,0.08979142905897512,0.5967933691879195,1.478143298997418,-1.7692995002216234,-0.4463384730966261,0.3469250117349424,0.7290017789141778,-0.3720116477535555,-0.056530265628857296,-0.2791211234466723,-0.8223912408421874,0.12036855705664527,-0.3578624595599912,0.988999577170486,-0.0032268874949441776,-0.3375978181173438,0.6377182132931626,0.4387363432540587,0.3919245522182272,0.12515352356872572,0.4690111119175823,0.5001654911948757,0.6188537062802734,0.1743411172244269,0.002917560668346697,-1.4738794964272,0.4828292964231347,0.7296007942642959,0.3887047298457653,0.4654206768218066,0.8132850807581671,-0.2875177047133131,0.0007778688808963985,-0.1544339129031076,-0.7415010262752599,-0.7572781289278019,-0.7866704794014554,-0.45273804232084225,0.03186302662662327,-0.5605366951407242,-0.45475587513289634,0.1395970918376675,0.2197896039740354,0.2789296946721551,-0.6487443790491565,0.302480773740246,1.5462832326123443,-0.7922275499912459,0.27029679789197913,0.4304585492247489,0.8857919185243177,0.43653920202726915,0.08862346586849175,0.8933947178806148,-0.13288675929972563,-0.10029671111378552,-0.2630713184612684,0.8969174543249093,0.3849168572097423,0.5565941775609579,-0.3472718210014433,0.7649575064662281,2.291734437865233,-0.7124392438151013,0.5374392221789351,-0.49255650621765557,-0.8933707715835892,-0.5517507501238299,1.0051399635067069,0.2793485535830626,-0.7888314132662453,0.14614323083904698,-0.23903011342248157,-0.1159113874447188,0.16533865626703376,-0.12465868737126266,-0.12046678202584224,-0.7648129434482924,-1.7440588686523342,-0.16144480081494209,-0.21184792069843691,0.1379944704676857,-1.388014014053955,0.8649166036159384,-0.35653173474038635,-0.49927371144134686,1.133011318925055,0.3023261385255175,0.24612101660428587,-0.6337129821659431,-0.46993756908026646,0.015321845985867874,0.009772135160830864,-0.08903223386926727,0.6872414103452681,0.3646824660245104,-0.23554883270275895,-1.1243417968136125,0.37303977305701363,-0.2545979297234034,0.012753405380896202,-0.21581070283562037,0.7265468411337662,-0.08550486010441113,0.8494702423249767,-0.4542534871873001,0.009287188775507388,-0.462485703507688,1.2680362342549858,-0.2386326005654042,0.5455402407232723,0.3290647926998479,1.149374639502979,-1.105526264935337,-0.645662552102331,0.002626322474419976,-1.0859056493778168,-0.27497935173948934,0.28157692297365555,-0.5331874343943517,-0.08188324132903393,0.31466667050693264,0.5786485209481512,-0.3941442327000356,-0.503491394063433,-0.06551809025048155,-0.22791000026245115,-0.0861716553671977,-0.21181863160074005,0.1346664115333217,0.5548186515292517,-0.6710237011430475,-0.7659043704418209,0.3144860444874991,-1.1951653981890722,-0.2165065659938829,1.295873288732241,0.44381833406957705,-0.5747917231202928,0.1134316356086055,0.2753189501622981,-0.0682655406042827,-1.904750066093856,-2.103531041711233,-0.2988735611724603,0.04185049129701912,0.18787264241209836,-0.6266256156934985,-0.39759028035418864,1.4755612571134766,-0.22692845381590215,0.07858482314604995,0.2918499200351709,-0.2087026416799164,-0.6382203890504345,-0.20662223589788073,0.4776825634749832,0.6050399327973365,0.2734951922338119,1.0276002160170583,0.24213513176245174,0.9187955896142683,0.4386413693800786,0.1546644106391235,0.35223212706051915,0.6910428731307623,1.2086596831703362,-0.9370190516387877,1.4328793511902918,-0.16320061836699956,0.1784679470923779,1.0155222442268568,-0.20258823214975133,-0.32532156219116437,0.3285466681062392,0.05616710230870443,0.7908699435072537,0.4727266401355782,0.1325182107581705,-0.7172228788645345,0.6981238559722736,0.7980910588901011,0.7239489108508881,-0.31628055668584915,-0.36742647358274577,0.9950092002977176,-0.5053074593095294,0.6296946766465367,-0.14814379561240149,1.0656214275121818,-0.5287407629876671,0.5418626757408515,0.09990444590033896,-0.03996724375954685,-0.017088257728590517,0.3221739522518685,-0.48863735087094606,0.7445588247777011,0.8852322048436282,0.16361919992134344,0.26155141598693965,0.1581932945167918,1.2491435712329424,0.9274434676074111,-0.41804159124760876,-0.20670609871346793,0.06998511144919493,-1.0580364449796866,-0.5186543082739461,-0.5777390053418596,-0.5695408949357127,-0.12317543738726336,-0.6384805855126516,0.49751150811610517,-0.025390047543551446,-0.2482059568673084,1.2812716953009105,-1.1425357739135955,0.6578204970606064,0.27195215239608583,-0.2688413404687089,-0.40836299000726883,0.05246890118386255,0.20903005644428818,0.17047864745807784,-0.5479706621359144,0.28046181817872273,-0.1418868771140127,0.3263210500241328,0.7771923603838714,-0.3968449701646162,-0.560935290136189,1.0588424476390836,-0.47096141138166486,0.5354784215635285,-0.403122522933058,-0.2771818336685713,0.647890756597949,-1.1465528424900047,0.7117998040298094,0.3605615631549359,0.06701446505716113,-0.4320494988536431,-0.396225534498597,-0.8211219745104141,0.3276733480680903,-0.23626781555429902,0.843873444963602,0.5179614010006567,-0.07392345658052507,-0.22482845574456178,0.6966539659896521,-0.8672264571307734,0.4540975535481672,0.12456520201345138,-0.5144437311811159,0.8869826538972249,-0.727635640518074,0.09352062726448923,1.0205955877903659,-0.7758111075548361,0.5885550121899945,0.75477930134901,-0.6549403231787291,0.370920134376069,0.12388512930322182,-1.132919297902677,-0.3212467807080093,0.37916557964888675,-0.6604842870874407,-0.06438143858321704,0.22978299859540377,-0.05842456849155405,-0.8285068102792671,-0.22110587950643978,0.051716207208614945,0.21499703967076178,0.4473104331475401,0.2508524741133523,-0.7194260647273317,-0.2279362306269445,-0.4756332341270989,0.13491895386426933,-0.7969889833399408,0.7281131643475313,-0.6909678131600536,0.025488429342465143,0.3956812983341685,-0.21051333194651375,