{"v":1,"inputs":13,"outputs":17,"arch":{"hiddens":[8,32],"bias":true,"activation":"TANH"},"weights":[-0.6679424330201463,-0.4745618806721549,0.20505264635792272,1.7104380259421252,0.858801416134489,0.22928896549953687,-0.42186381166423376,0.21759203315371656,-0.8418863100178549,0.744158566835087,-0.7666621750904596,-0.02693248543017522,-0.2578212708465883,-0.5212437464119926,1.0099369681476478,-1.3732179988990894,-0.08371044665388874,-0.9755426620465442,-0.08073565052461285,-1.1304222051972586,0.18105085647640634,0.4220063531237464,1.011571919854888,-0.8484154843689514,0.5644271272435104,0.10614618137204113,-1.0297501118513352,0.8140265129798426,-0.12953329332787963,-0.8024524633251103,0.6730113856269885,-1.190878768370621,-0.4712363494999623,-1.0062583210089204,0.22580067288889466,0.004642355834093004,0.5149960307119105,0.8389605050653123,-0.10174198837726356,0.04847359350673597,-0.5261402408018672,-0.5224881371219067,1.7067074524128045,-0.8073006477275785,0.6811780124850436,-0.10622817706152039,0.7916618291147637,-0.757512305899605,0.9132119737391903,-1.192065660745701,-0.15391139660456463,0.042284523374389156,-0.10183454125280374,-0.5873155249289032,-0.8093066098659523,-0.06569908674843108,0.8873467007227763,0.2989924967919765,0.5152654256735194,0.9482931676840276,0.021997547698590157,0.7684566303700338,1.1739343754668594,0.4895426216649489,-0.2526772691114802,-0.3727516494232792,-0.23853370615044633,0.8391426331575271,-0.7865771816917172,-0.6317228969870043,-0.28254348087252196,0.6523513027347508,-1.1335742673169453,0.8162879252606712,0.7977961949884802,-0.7370334587701562,-0.3281088114704343,-0.00709351771764774,0.21070594042404728,0.0760510359020815,1.5645607688234122,0.13956309842462214,0.17404222796991367,-0.22839143470610093,1.505600180144022,-0.7761452054171655,0.4508796454055056,0.42551052682496293,-0.3365771338915223,-0.1835309573846324,0.4734879315117852,0.3095951801328549,-0.7678654997130724,0.7431895291991971,0.5911673592242118,0.35494521597913126,0.5673367340680191,-0.12940701866973936,-0.8169808642749314,-0.6664599940558654,-0.48888292398867184,1.0081909467486418,-0.355626956825059,-0.1463687012571669,-0.45852382279466364,1.1390714346231416,-0.42519868861730536,-0.4003369940046998,0.08731596534358796,0.3718875605852392,-0.13337593958281085,0.5381653016467192,0.8472573959439611,0.47045749107728463,-0.8279005615697528,-0.6447488029611437,1.497741747513275,0.05447292260188759,-0.8707323016713348,0.5232328091903672,0.23052990682096017,0.17849804889650298,-0.014060277283019895,0.05356570142454378,-0.34536915370015936,0.6285680223286373,0.1344067229266077,-0.725870410403477,0.6154767768919436,-1.0678377003303732,0.06978946253362708,1.6184444218397587,0.537386146287527,0.25246119441603854,0.06363902307171598,0.3113627907081182,-0.11158114733280777,0.8619535702101884,1.2203033056337782,-0.7795272013502693,-1.497058630100169,0.3015147729694389,0.7847936596336658,0.25594777084024867,-0.9463407635832787,0.03126864445722912,-0.28426393748031936,-0.9791943164576589,-0.1030499865194057,0.33737113556520243,-0.10586673897218912,0.38660583767068096,0.937700276355738,-0.2080864598678918,-0.13219153750586,1.4337742718445208,-0.43575593371105453,-0.20995420705551465,0.0912061396651864,-0.30796028687717447,0.5936074367608163,-0.3412273654797081,-0.07863153791411312,-0.10011148215269977,0.2664386030117945,0.15574209058342015,0.5420703525051533,-0.36133893081529334,0.060905133503198663,-1.364565285435448,0.14068518251397724,0.7324071721586226,-0.09166215468795204,-0.05679456965472886,0.6167534866782916,0.4178507613921606,0.2633289716588428,0.7804312810255418,0.9069841591680752,0.39645739370956123,-1.3475170786380564,-0.5154415073368237,-0.6171326035642307,0.6910190850911422,-0.5215933100395421,-0.8871784246596238,-0.07424109757343325,0.8873304000174708,0.33058983971588835,-0.6885094408959063,1.167453753628622,-0.011720774404921534,-0.1899638820571768,0.5360301035753845,0.7039776778348875,-0.17098549436128102,0.11893225767239587,-0.5192147512326797,-0.6926600809723521,0.8639339840375015,-0.016999776676090213,-1.1766569590957414,0.025335333408063196,-1.3911209698992282,0.2493366643117193,0.1621682595745002,-0.7577988498563034,-1.204695218826751,-0.018071684234127427,-0.5587731006950053,-0.3521911458846084,-1.2065981740325473,0.6993500378004313,-1.0561847544148193,0.5718068761614238,-1.1999208918878097,-1.294015846736274,1.0184428848693294,0.23663686017762892,-0.2622622052462967,-0.060437182102947115,-0.856921477839272,0.03482101018963599,1.1564648974341358,0.06284865587287891,0.35228984952989956,-0.4840886091794345,-1.376183288174294,0.8101113670063673,0.02649736724894136,-1.2978157826688679,0.5990809453658823,-0.16412331488935106,-0.11664083541558296,-0.8330754062093568,-0.535701555829389,0.05349341401468091,-0.3109442849661609,1.1474468948031826,-0.288632273287371,0.31949543398711633,-0.11170575325671081,-0.6696339196847847,0.24074318030579112,0.33604691758923877,-0.7277181349569085,-0.8925103756750155,-0.232433783257232,0.3606761042250042,0.2522686037333368,0.3213026474727161,0.48923859830802685,0.3393388673486058,0.6262837814807223,-0.01373594200395223,0.2889131500574821,-0.09561170131506568,1.4053770640858925,-0.07092695491136002,-0.6791945021545156,-0.33453132722622264,-0.262072807925797,-0.12180925284582247,-0.14915061253625894,0.20459164546307793,-0.14481369431490193,-0.12363930343168295,1.0248945341077307,0.2613492715644417,-0.6935368499774477,0.14967350822291947,-0.16649339564692497,0.8255258648093036,0.46368584034449284,-0.07620182845074766,0.12653099618662428,-0.9226060085692258,0.2671303409878076,0.051864522340052954,0.002081505968911254,0.8488392007746208,0.8422630007030248,-0.3885507614953703,0.38061975491197775,-0.4852596688987816,0.13108195858725288,-0.427976146213564,-0.520042556410296,-0.07961793327662166,0.4169929261406012,0.10465064209099745,-0.7146062218832128,0.3558369401489915,0.08258824235415803,0.5130665927018185,1.0221269931188728,-0.848220734621939,0.22480311703496295,-0.35286807910758305,0.22873006070055973,-0.3502237933935275,0.7176404275009384,0.5862870665028773,-0.58667408892849,0.2563343553882818,-0.46365425934303117,-0.7654535396055886,0.34167991256257607,1.0944040220673936,0.5582584242614947,-0.5338435285046934,-0.42672737388580856,0.516819536722791,-0.1252366732596443,0.44202218596520937,0.8442919355203864,0.09634585253164016,0.7019150708983457,1.087116951544393,0.4732264224518891,0.436644099644053,0.4913616986140278,-0.61126381264743,-0.20430715713819247,-0.387326852862123,-1.099402701452233,-0.6138333152512585,-0.6327972318863208,0.20840048694813448,-0.20308350156651692,-0.42621985246473554,0.9457968705814368,0.14569915631398075,-0.07200772350237156,0.05959187419747214,-0.02925082526210408,-0.46229637146467517,0.7881943361779292,0.018424390775841085,-0.11050578997821764,0.9101206438246883,0.6488854840049999,0.16526121582645673,-0.3935968658385363,-0.6952500061681106,-0.6163004806141548,0.9158132745050158,-0.5635213495961933,-0.5058719675113396,0.49422841765238423,0.5132884074719143,0.60807974621546,-0.9642128620221972,0.5443358203363341,1.1293559274528955,-0.20675879554482698,-0.0725404847022936,0.276716957034038,-0.9029440919395638,1.1311393327321027,-0.47913988564741755,0.1911370895871065,-0.6496384459693061,-0.2817303418259524,-0.18519552379099383,0.09966803951160155,-0.4647651830978248,-0.3709956154774114,0.09305665845166837,-0.13766227259010108,0.7192852883262969,-0.1606960990835699,1.1895986405028158,-0.2997964755455957,-1.219790601622236,-0.5212885757873535,0.48305528477156,0.597537972573621,-0.20361491048265148,0.2072077962402663,0.11345113162939657,0.10567882271013046,-0.27513480988471495,0.2084319082711856,0.21707707500475443,0.2892378466059615,0.5682140582456169,-0.447391828473806,-0.736242153720986,0.26515100360887517,0.2733809241159702,-0.19315925731774522,0.68028235103441,0.09664465802231367,1.0702850459339914,-1.0125682805183036,-0.12665135032317482,-0.9783134962756137,-0.5630261941231165,