{"v":1,"inputs":13,"outputs":17,"arch":{"hiddens":[8,24],"bias":true,"activation":"TANH"},"weights":[0.2529989552329279,-0.08361973635786839,-0.0729281529801146,-0.6170653088281244,0.7343214444831693,-0.06818455800366818,-0.18396445121664184,-0.20114844488555533,0.2859033260583349,0.28777857287441244,-0.3481505023122281,-0.5235640373540267,-0.2589935182021508,0.13065523385617184,1.200176987600838,-0.20557545131569066,0.9767872594262841,0.35405238898444236,-0.042098990293663686,-0.6341162510016619,-0.6147311747388162,-0.5227115731005381,0.359910499378841,0.4630159217131875,-0.6993083474004477,0.6280999853870786,-1.1296366484945308,0.8207538255787648,0.9904586563746071,0.14675828005341957,1.0771452408142157,0.16076582609444143,-0.48868214849032066,-0.5816748134844031,-0.17966259158906092,-0.7451563857191144,0.08360864358141334,1.251882935184598,0.297247198784027,-0.8852499808396357,0.9630122102399703,1.7055062259760432,-1.541841698441021,0.20560551392847537,-0.11080746657466745,-0.18822676982009096,-0.7932976659035388,-0.8603271896959316,0.12188395184823483,0.7215243549237672,1.1853588132996224,-0.11031682224487477,-0.703151789020765,0.46665454773268233,-0.20224574962999092,0.09439776704612564,0.03143998317979748,-0.8998432519784831,0.06417960037803816,-0.6508555096889734,-0.6040766244017958,-0.3362232793927095,0.037335162898646475,0.3269005300216607,0.35478075206682985,0.034188923819885045,0.2957384590863117,0.034293706188902824,1.2081684200038623,0.2412949692269433,0.5314186268286388,-0.3600184162485248,-0.1850763042172921,-0.5478976701382555,-0.6637888636063852,-0.5490748759538724,0.11251935888041587,0.48881108381877847,-0.5046454519312639,-0.9244701910236582,-0.24565044349277815,0.8692524663335695,-0.9572804707995497,-0.47248657374339686,-0.697253237742122,-0.9568519692954158,-0.5527312513406495,0.21420803948584588,0.3768739784631072,0.04363826603404275,-0.2072297823198613,-0.14868831994354093,-0.03542342531915732,0.6679848603683941,0.5234556137144731,0.1324302579339914,-0.20489568653599843,0.21930302891845846,1.3092784861060243,-0.3414396313081896,-0.3899176849845997,0.34080444242731023,0.40116149870875994,-0.6106310275747585,0.1240875628705285,0.5421685882743259,-0.4303590775986996,1.4000902250389697,-0.09883933552709774,-0.10951270096720572,-0.15344697034026844,-0.5771988052080309,2.1603230239923263,-0.18060522713860472,0.26285011990160556,0.968918413929145,0.2184694987770133,0.11269547798550057,1.4034293981694654,-0.41157355122722633,-1.2543506152134427,-0.541615684189423,-1.2850545570522676,0.040939030431712174,-0.39730776338604346,0.14879662653263737,0.3261524525478306,0.41212289746213643,-1.7623184242258205,0.9398794833442543,0.22923982867937268,0.025772885018365915,0.17289698930364927,0.9095759431605079,0.15866024152781852,0.30511352812292386,-1.366648387502111,0.09754196764874197,-1.0258280986283417,-0.9032804588930304,-0.1495563791414194,0.04448657753924816,0.4843714944078532,0.3102276614541968,-0.2444937278502487,0.3771467293563705,-1.710518750771355,-0.006386077018390848,-0.5061612987527996,-0.47514785119703945,0.20609619003305607,0.720013420475544,-0.6449239176826349,0.5631419466612962,-0.05556980557751971,0.4497381388483508,-0.6266360486146536,0.1504016160062239,0.2019524519940032,-0.3661206037782675,-0.20822351221805416,1.1239180259590835,0.43563111116672076,0.46358017202813445,0.447580678268581,0.11338636003391066,0.8892015875942899,-0.09728231974936387,-0.7468117809965036,0.574796063273235,-0.5121492936255914,-0.4203129296439945,-1.1582544331210258,-0.21368168537316917,-0.3338069130581033,-1.235120184328002,-0.5774947887658626,0.209472254965546,-0.212127445626408,0.48706489579913076,-0.4126396468281395,0.3693151545763361,0.480454252228404,-0.22809498720532773,-0.9804760575806559,0.1452802469545475,0.6716066116846301,-0.13211065113505624,-0.23753865962574774,-0.9393048064069187,0.04641657666285001,-1.2516390512247049,0.3580705050049042,1.1948427333640674,-0.7562160315735839,-0.10350524609336678,-0.0860204549277753,-0.7520284545023295,-0.22676732845285874,0.6209249588030658,0.7570955878548937,0.6416601628583138,0.9901976430430727,0.1414860907795344,1.246387425148802,-0.4312316043620625,0.5958623651452403,-0.14256734260744308,0.4221105153274237,-1.1189495876116886,-0.183658354182604,-0.03044780454256185,-0.3009149898257798,0.3835007728890468,-1.0694353712511386,0.5869368270286323,0.6809719545212232,0.21219332251212303,1.9960401549709217,-1.095481613644674,0.2703756602896184,0.5592451740454214,-0.5239734439646275,0.7553671175816021,0.6824155719502875,0.3214476734637308,-1.3369529044608848,0.5241533461201172,0.33434180509681344,1.2302523514474706,-1.8039853449753902,-1.936244522150269,-0.11482147476135594,0.1115613925694709,-0.8235351509013334,0.08379215574394641,0.29707280533742636,0.12604320851567266,-0.4124548350261221,-0.7902070070885512,-0.6961348201367848,-0.8772394681578732,0.7131239939033379,-0.2693585245155744,1.3684022562171845,-1.2226498923726399,0.30420989441725227,-0.18849474173055086,-0.7760259456261182,0.6403123802115788,0.4849319079008362,-0.07506057890900193,-0.7408695794009545,-0.5884663264140705,0.06102511280085554,0.14935065442851125,0.33320159482013545,-0.8359416345717862,0.5984949863037659,-0.44832438087733606,0.07803568135903241,-0.9582308101657688,0.39457755003266654,0.3219049141614125,0.12044235266101423,0.38024732572372766,-1.0956785501423822,-0.24651225073055266,0.17852565914189042,0.021590955938810164,-0.7918277459071326,0.8283263753462349,1.1461688547422997,0.046866129172787874,1.3183009718656653,0.5153801428633027,0.9723668257075373,-0.04796823994635672,0.05442766243515723,0.6337927133584429,1.0403159932848578,0.19984520773709183,-0.12556386724053903,-0.7239214823393086,0.14666202939682796,-0.10807848997423815,0.06535634439929325,-0.13977148509732584,0.39046638555177454,1.169479123882463,-0.11678244788965668,0.0013139052763074949,-0.24720183082475922,-0.3793350523672732,-0.17249393942306557,0.24838633056016884,0.28658979887471103,-0.3701911319828506,0.561506334444701,-0.3291060715302597,-0.2203477792683397,1.1540651847641337,-0.23456057146072287,0.03354971803691324,0.06377051444734233,0.5513616648107094,1.1141987756312304,-0.4771922695134358,-0.6692677053006924,0.8683633068002319,-0.32596948548274307,-0.1240816867956954,1.0381167980640178,0.7048471772857614,-0.530912764833215,-0.2246778857529375,-0.9668960385358085,-0.5078237302902531,-0.6560886338495027,0.3774103508478864,0.13250683453189493,-0.06398635885692844,1.1104854986902337,0.5016541996475503,0.20591118311061749,0.48935007824944443,0.4345114560289833,-0.0703089354927271,-1.1533179260824318,-0.2511898806806901,-0.4466592608303044,0.6466678293344361,-0.777609074091743,-0.6541406077602325,0.38145654966640985,0.2714712513782076,0.10998143441815189,-0.662616320147735,0.13993645832854645,0.28050759824328975,0.8476855193247524,0.31290733273970806,1.643723827582221,-0.5261328327425652,-0.19734459519913453,-0.21869131897832833,0.3771621372684699,0.08843390330299905,0.30246828891229793,0.32850106575256816,-0.43275190216973647,0.5161294925992616,0.6118487849937798,0.6374293906908824,-0.8827374340979711,-0.39749617486700056,1.1347842823084826,0.7852776517379803,0.2705397397712514,0.6038423085975637,0.09650582518064472,0.7872286381712501,-0.6442829047514576,-0.4681487827944193,-0.27009503260071693,-0.12190516070913801,1.1472082668087111,1.0657726305143316,-1.462506109591383,0.15137311185802255,0.6658847810293007,-0.7375567634932277,-0.13698055581537666,1.2159716618051895,-0.6645388681924946,-0.6585134552727793,0.358397114747223,0.007684057890489806,0.6361317645940491,0.5080324919535378,-0.3935520663292762,-1.429371759546084,0.030032733421665635,-0.5931098346523136,-0.15811511931019376,0.45858006530579876,0.22040957184095505,0.6358872390543912,0.5207262416320871,-0.4117937128389505,-0.6793215994338702,0.6855382608353293,0.8376037074529489,-0.1376653180983768,-0.016046812481843337,-0.5292290459093807,-0.6568484174599682,0.17098376379738572,-0.3512512376062704,